{
  "meta": {
    "model": "model/lean_npe_v3/best_model.pth",
    "epoch": 20,
    "val_nll": -0.7119142274837941,
    "device": "mps",
    "timestamp": "2026-07-08 08:39:05",
    "wall_s": 273.0908420085907
  },
  "gaussian": {
    "n_events": 768,
    "n_post": 400,
    "nll": -3.3305883407592773,
    "shuffle_delta_nll": 12.693222045898438,
    "dist_corr": 0.671079390434785,
    "coverage": {
      "mass_1": {
        "50": 0.5013020833333334,
        "68": 0.671875,
        "90": 0.90625,
        "95": 0.9674479166666666
      },
      "mass_2": {
        "50": 0.4739583333333333,
        "68": 0.6705729166666666,
        "90": 0.8932291666666666,
        "95": 0.9479166666666666
      },
      "luminosity_distance": {
        "50": 0.5065104166666666,
        "68": 0.69921875,
        "90": 0.9440104166666666,
        "95": 0.9856770833333334
      },
      "ra": {
        "50": 0.4401041666666667,
        "68": 0.63671875,
        "90": 0.8815104166666666,
        "95": 0.9348958333333334
      },
      "dec": {
        "50": 0.5104166666666666,
        "68": 0.6640625,
        "90": 0.8815104166666666,
        "95": 0.9348958333333334
      },
      "theta_jn": {
        "50": 0.5208333333333334,
        "68": 0.6966145833333334,
        "90": 0.9036458333333334,
        "95": 0.9466145833333334
      },
      "psi": {
        "50": 0.5611979166666666,
        "68": 0.71875,
        "90": 0.8997395833333334,
        "95": 0.9322916666666666
      },
      "phase": {
        "50": 0.5065104166666666,
        "68": 0.6796875,
        "90": 0.8684895833333334,
        "95": 0.9140625
      },
      "geocent_time": {
        "50": 0.4674479166666667,
        "68": 0.6640625,
        "90": 0.89453125,
        "95": 0.9544270833333334
      },
      "a1": {
        "50": 0.5520833333333334,
        "68": 0.7135416666666666,
        "90": 0.9127604166666666,
        "95": 0.9622395833333334
      },
      "a2": {
        "50": 0.5794270833333334,
        "68": 0.7278645833333334,
        "90": 0.9140625,
        "95": 0.9453125
      }
    },
    "sbc_ks_p": {
      "mass_1": 0.18218430084436144,
      "mass_2": 0.37389656156349604,
      "luminosity_distance": 0.000589654674411599,
      "ra": 0.03648082569944411,
      "dec": 0.03118547709815267,
      "theta_jn": 0.020523112760289782,
      "psi": 0.004932478384965136,
      "phase": 0.02613033141267951,
      "geocent_time": 0.0398931908640181,
      "a1": 0.017983496469944054,
      "a2": 0.005082744974339419
    },
    "railing_frac": 0.03407877604166667
  },
  "real": {
    "n_events": 768,
    "n_post": 400,
    "nll": -2.9207708835601807,
    "shuffle_delta_nll": 11.60594367980957,
    "dist_corr": 0.5851814896855019,
    "coverage": {
      "mass_1": {
        "50": 0.5065104166666666,
        "68": 0.6770833333333334,
        "90": 0.8971354166666666,
        "95": 0.98046875
      },
      "mass_2": {
        "50": 0.4908854166666667,
        "68": 0.6588541666666666,
        "90": 0.8736979166666666,
        "95": 0.9453125
      },
      "luminosity_distance": {
        "50": 0.48046875,
        "68": 0.6744791666666666,
        "90": 0.94140625,
        "95": 0.9830729166666666
      },
      "ra": {
        "50": 0.4388020833333333,
        "68": 0.6484375,
        "90": 0.88671875,
        "95": 0.9375
      },
      "dec": {
        "50": 0.4947916666666667,
        "68": 0.66796875,
        "90": 0.8658854166666666,
        "95": 0.9375
      },
      "theta_jn": {
        "50": 0.5169270833333334,
        "68": 0.69140625,
        "90": 0.9010416666666666,
        "95": 0.9453125
      },
      "psi": {
        "50": 0.5611979166666666,
        "68": 0.7239583333333334,
        "90": 0.9010416666666666,
        "95": 0.93359375
      },
      "phase": {
        "50": 0.5182291666666666,
        "68": 0.66796875,
        "90": 0.87109375,
        "95": 0.9140625
      },
      "geocent_time": {
        "50": 0.4453125,
        "68": 0.67578125,
        "90": 0.91015625,
        "95": 0.9505208333333334
      },
      "a1": {
        "50": 0.5234375,
        "68": 0.69140625,
        "90": 0.92578125,
        "95": 0.9635416666666666
      },
      "a2": {
        "50": 0.5325520833333334,
        "68": 0.703125,
        "90": 0.9036458333333334,
        "95": 0.9427083333333334
      }
    },
    "sbc_ks_p": {
      "mass_1": 0.31877162239715484,
      "mass_2": 0.6746611369276687,
      "luminosity_distance": 0.002778247303996225,
      "ra": 0.18103822761624488,
      "dec": 0.022779807236504464,
      "theta_jn": 0.09030400827774587,
      "psi": 0.007385021674800147,
      "phase": 0.015035243909161807,
      "geocent_time": 0.041201336504993025,
      "a1": 0.0014114792453936713,
      "a2": 0.0059573834587209615
    },
    "railing_frac": 0.03613606770833333
  },
  "gw150914": {
    "median m1 (published 38.8)": "65.3",
    "median m2 (published 33.4)": "38.5",
    "median dL (published 440)": "1540",
    "merger GPS offset from trigger": "+0.0279 s",
    "railing": "3.03%",
    "confidence": "HIGH",
    "flags": "V1: no data \u2014 filled with unit white noise (posterior uses remaining detectors only)",
    "runtime": "9.708s"
  },
  "gates": [
    {
      "gate": "gaussian shuffle \u0394NLL > 5 nats",
      "pass": true,
      "detail": "12.69"
    },
    {
      "gate": "gaussian 50% coverage within \u00b10.07 (\u22642 exceptions)",
      "pass": true,
      "detail": "violations: ['a2']"
    },
    {
      "gate": "gaussian 90% coverage within \u00b10.05 (\u22642 exceptions)",
      "pass": true,
      "detail": "violations: none"
    },
    {
      "gate": "gaussian SBC KS p>1e-3 for \u22659/11 params",
      "pass": true,
      "detail": "10/11"
    },
    {
      "gate": "gaussian spurious railing < 5%",
      "pass": true,
      "detail": "3.41%"
    },
    {
      "gate": "distance correlation > 0.5",
      "pass": true,
      "detail": "0.671"
    },
    {
      "gate": "real-noise shuffle \u0394NLL > 5 nats",
      "pass": true,
      "detail": "11.61"
    },
    {
      "gate": "real-noise 90% coverage within \u00b10.07 (\u22642 exceptions)",
      "pass": true,
      "detail": "violations: none"
    },
    {
      "gate": "real vs gaussian NLL gap < 3 nats",
      "pass": true,
      "detail": "gaussian -3.33 vs real -2.92"
    },
    {
      "gate": "GW150914 pipeline run succeeds",
      "pass": true,
      "detail": "t_c offset +0.028s (gate: |offset|<0.1s)"
    }
  ]
}