{
  "inj_params": {
    "mass_1": 38.8,
    "mass_2": 33.4,
    "luminosity_distance": 440.0,
    "theta_jn": 2.9,
    "ra": 1.95,
    "dec": -1.27,
    "psi": 1.75,
    "phase": 1.3,
    "geocent_time": 0.0,
    "a1": 0.0,
    "a2": 0.0
  },
  "real_gw150914": {
    "dL": {
      "median": 734.7338256835938,
      "mean": 877.7881469726562,
      "std": 302.4362487792969,
      "ci90": [
        655.2908325195312,
        1512.7215576171875
      ],
      "ci50": [
        703.119873046875,
        1004.7781372070312
      ]
    },
    "m1": {
      "median": 30.07956886291504,
      "mean": 44.56311798095703,
      "std": 20.024978637695312,
      "ci90": [
        29.982954025268555,
        83.50704193115234
      ],
      "ci50": [
        30.031673431396484,
        60.220340728759766
      ]
    },
    "m2": {
      "median": 29.95762062072754,
      "mean": 33.34699630737305,
      "std": 8.707353591918945,
      "ci90": [
        26.03691291809082,
        49.90227127075195
      ],
      "ci50": [
        29.919391632080078,
        35.45615005493164
      ]
    },
    "net_mf_snr": 23.334314222144485
  },
  "semireal_injections": [
    {
      "off_s": -400,
      "net_mf_snr": 29.46,
      "dL": {
        "median": 652.969482421875,
        "mean": 748.5255126953125,
        "std": 260.9425048828125,
        "ci90": [
          539.9396362304688,
          1282.9814453125
        ],
        "ci50": [
          620.2796630859375,
          814.3054809570312
        ]
      },
      "m1": {
        "median": 30.136499404907227,
        "mean": 44.07540512084961,
        "std": 19.7846622467041,
        "ci90": [
          30.04083251953125,
          83.08007049560547
        ],
        "ci50": [
          30.089841842651367,
          59.128150939941406
        ]
      },
      "m2": {
        "median": 30.001850128173828,
        "mean": 32.48992919921875,
        "std": 8.539142608642578,
        "ci90": [
          24.2523136138916,
          47.79138946533203
        ],
        "ci50": [
          29.965980529785156,
          33.75410461425781
        ]
      },
      "asd_bands_mean": -0.9200514554977417,
      "warnings": [
        "V1: no data \u2014 filled with unit white noise (posterior uses remaining detectors only)"
      ]
    },
    {
      "off_s": -300,
      "net_mf_snr": 31.28,
      "dL": {
        "median": 663.056884765625,
        "mean": 792.2219848632812,
        "std": 282.64129638671875,
        "ci90": [
          534.4432373046875,
          1344.6832275390625
        ],
        "ci50": [
          614.0320434570312,
          938.6716918945312
        ]
      },
      "m1": {
        "median": 49.083702087402344,
        "mean": 49.64712142944336,
        "std": 20.53833770751953,
        "ci90": [
          30.067768096923828,
          86.07568359375
        ],
        "ci50": [
          30.124053955078125,
          65.13803100585938
        ]
      },
      "m2": {
        "median": 29.999717712402344,
        "mean": 33.28776931762695,
        "std": 8.658832550048828,
        "ci90": [
          23.477426528930664,
          47.84840774536133
        ],
        "ci50": [
          29.95059585571289,
          37.05800247192383
        ]
      },
      "asd_bands_mean": -0.9166853427886963,
      "warnings": [
        "V1: no data \u2014 filled with unit white noise (posterior uses remaining detectors only)"
      ]
    },
    {
      "off_s": -200,
      "net_mf_snr": 29.32,
      "dL": {
        "median": 627.586181640625,
        "mean": 727.9458618164062,
        "std": 261.17620849609375,
        "ci90": [
          530.91064453125,
          1268.0792236328125
        ],
        "ci50": [
          594.5215454101562,
          796.1682739257812
        ]
      },
      "m1": {
        "median": 30.147666931152344,
        "mean": 44.08823776245117,
        "std": 19.981184005737305,
        "ci90": [
          30.055166244506836,
          83.82760620117188
        ],
        "ci50": [
          30.104164123535156,
          59.626895904541016
        ]
      },
      "m2": {
        "median": 29.986114501953125,
        "mean": 32.59053039550781,
        "std": 8.249872207641602,
        "ci90": [
          25.32120132446289,
          47.55601119995117
        ],
        "ci50": [
          29.95176124572754,
          33.63471984863281
        ]
      },
      "asd_bands_mean": -0.9271937012672424,
      "warnings": [
        "V1: no data \u2014 filled with unit white noise (posterior uses remaining detectors only)"
      ]
    },
    {
      "off_s": 200,
      "net_mf_snr": 26.66,
      "dL": {
        "median": 673.60546875,
        "mean": 731.2052612304688,
        "std": 218.73321533203125,
        "ci90": [
          605.3971557617188,
          1200.2706298828125
        ],
        "ci50": [
          649.0473022460938,
          704.1771240234375
        ]
      },
      "m1": {
        "median": 30.072057723999023,
        "mean": 37.546905517578125,
        "std": 16.17023468017578,
        "ci90": [
          30.000335693359375,
          75.55883026123047
        ],
        "ci50": [
          30.04306411743164,
          30.132286071777344
        ]
      },
      "m2": {
        "median": 29.974002838134766,
        "mean": 30.894088745117188,
        "std": 6.482015609741211,
        "ci90": [
          26.080419540405273,
          41.521278381347656
        ],
        "ci50": [
          29.946178436279297,
          30.006988525390625
        ]
      },
      "asd_bands_mean": -0.9154985547065735,
      "warnings": [
        "V1: no data \u2014 filled with unit white noise (posterior uses remaining detectors only)"
      ]
    },
    {
      "off_s": 300,
      "net_mf_snr": 28.74,
      "dL": {
        "median": 653.4885864257812,
        "mean": 761.914306640625,
        "std": 268.93865966796875,
        "ci90": [
          572.2192993164062,
          1328.131591796875
        ],
        "ci50": [
          623.013427734375,
          819.1254272460938
        ]
      },
      "m1": {
        "median": 30.123397827148438,
        "mean": 43.81255340576172,
        "std": 20.14499282836914,
        "ci90": [
          30.03853416442871,
          83.70150756835938
        ],
        "ci50": [
          30.08340835571289,
          60.00567626953125
        ]
      },
      "m2": {
        "median": 29.950164794921875,
        "mean": 33.181644439697266,
        "std": 8.580123901367188,
        "ci90": [
          27.660499572753906,
          49.541263580322266
        ],
        "ci50": [
          29.917606353759766,
          34.30373764038086
        ]
      },
      "asd_bands_mean": -0.922247052192688,
      "warnings": [
        "V1: no data \u2014 filled with unit white noise (posterior uses remaining detectors only)"
      ]
    }
  ],
  "design_injections": [
    {
      "seed": 0,
      "net_snr": 98.03,
      "dL": {
        "median": 778.4522705078125,
        "mean": 898.2935180664062,
        "std": 595.459228515625,
        "ci90": [
          156.45013427734375,
          1927.3480224609375
        ],
        "ci50": [
          321.9627685546875,
          1405.65771484375
        ]
      },
      "m1": {
        "median": 17.202259063720703,
        "mean": 24.548259735107422,
        "std": 24.080354690551758,
        "ci90": [
          1.3543049097061157,
          75.89427947998047
        ],
        "ci50": [
          2.506037473678589,
          36.66736602783203
        ]
      }
    },
    {
      "seed": 1,
      "net_snr": 98.03,
      "dL": {
        "median": 619.8202514648438,
        "mean": 811.3701782226562,
        "std": 604.5927734375,
        "ci90": [
          146.70721435546875,
          1922.159912109375
        ],
        "ci50": [
          261.4588928222656,
          1327.171875
        ]
      },
      "m1": {
        "median": 11.22010612487793,
        "mean": 20.041210174560547,
        "std": 23.145864486694336,