{
  "detectors_present": [
    "H1",
    "L1"
  ],
  "preproc_warnings": [
    "V1: no data \u2014 filled with unit white noise (posterior uses remaining detectors only)"
  ],
  "preproc_quality": {
    "H1": {
      "finite": 1.0,
      "std": 1.0123,
      "max_abs": 4.5543,
      "excess_kurtosis": -0.0469,
      "repeated_frac": 0.0,
      "whitening_norm": 45.7227
    },
    "L1": {
      "finite": 1.0,
      "std": 0.9648,
      "max_abs": 3.8246,
      "excess_kurtosis": 0.0553,
      "repeated_frac": 0.0,
      "whitening_norm": 47.1816
    }
  },
  "leannpe_dL": {
    "median": 734.7338256835938,
    "mean": 877.7881469726562,
    "std": 302.4362487792969,
    "ci90": [
      655.2908325195312,
      1512.7215576171875
    ],
    "ci50": [
      703.119873046875,
      1004.7781372070312
    ]
  },
  "leannpe_m1": {
    "median": 30.07956886291504,
    "mean": 44.56311798095703,
    "std": 20.024978637695312,
    "ci90": [
      29.982954025268555,
      83.50704193115234
    ],
    "ci50": [
      30.031673431396484,
      60.220340728759766
    ]
  },
  "leannpe_m2": {
    "median": 29.95762062072754,
    "mean": 33.34699630737305,
    "std": 8.707353591918945,
    "ci90": [
      26.03691291809082,
      49.90227127075195
    ],
    "ci50": [
      29.919391632080078,
      35.45615005493164
    ]
  },
  "mf_snr_at_truth": {
    "H1": {
      "optimal_snr": 34.703793934523276,
      "mf_snr": 19.224188132968766
    },
    "L1": {
      "optimal_snr": 22.47127798645658,
      "mf_snr": 13.225763147962287
    },
    "network": {
      "optimal_snr": 41.343822365553756,
      "mf_snr": 23.334314222144485
    }
  },
  "dynesty_benchmark_comparison": {
    "mass_1": {
      "npe_med": 65.85020446777344,
      "npe_std": 14.770783578579024,
      "dynesty_med": 40.02930223464465,
      "dynesty_std": 1.9374549935987813,
      "med_offset_sigma": 13.327226854358965,
      "width_ratio": 7.623807324431729,
      "kl_npe_dynesty": 19.324803841225613,
      "wasserstein": 28.020806031527627
    },
    "mass_2": {
      "npe_med": 38.26689910888672,
      "npe_std": 10.513610614836425,
      "dynesty_med": 35.40745035583346,
      "dynesty_std": 1.924558691464129,
      "med_offset_sigma": 1.4857685370936295,
      "width_ratio": 5.4628682700111435,
      "kl_npe_dynesty": 11.140100037423172,
      "wasserstein": 6.996721652872157
    },
    "luminosity_distance": {
      "npe_med": 1529.0701904296875,
      "npe_std": 349.397209400361,
      "dynesty_med": 465.84726618853045,
      "dynesty_std": 113.62608528275747,
      "med_offset_sigma": 9.357208088142606,
      "width_ratio": 3.0749735725543506,
      "kl_npe_dynesty": 19.132156104350972,
      "wasserstein": 1029.5838025305293
    },
    "ra": {
      "npe_med": 3.8805915117263794,
      "npe_std": 1.746738361114306,
      "dynesty_med": 1.5172837959617098,
      "dynesty_std": 0.46921216849143893,
      "med_offset_sigma": 5.036757077989192,
      "width_ratio": 3.722704726536672,
      "kl_npe_dynesty": 12.308724347739915,
      "wasserstein": 1.6697342484192776
    },
    "dec": {
      "npe_med": 0.0962797999382019,
      "npe_std": 0.8325532760064002,
      "dynesty_med": -1.226422193102356,
      "dynesty_std": 0.08208768979624961,
      "med_offset_sigma": 16.113280568747452,
      "width_ratio": 10.142242617993556,
      "kl_npe_dynesty": 16.106995673426646,
      "wasserstein": 1.3245252047152625
    },
    "theta_jn": {
      "npe_med": 1.3824728727340698,
      "npe_std": 0.7471715178229115,
      "dynesty_med": 2.484357193232317,
      "dynesty_std": 0.35473545927701755,
      "med_offset_sigma": -3.1062141902525653,
      "width_ratio": 2.1062780620788106,
      "kl_npe_dynesty": 7.479523081375439,
      "wasserstein": 0.8799419119230062
    },
    "psi": {
      "npe_med": 1.6726915836334229,
      "npe_std": 0.890737706450712,
      "dynesty_med": 1.592649384596526,
      "dynesty_std": 0.9334224979405658,
      "med_offset_sigma": 0.08575130675309925,
      "width_ratio": 0.9542706624938858,
      "kl_npe_dynesty": 0.06824555092339013,
      "wasserstein": 0.057631149689309574
    },
    "phase": {
      "npe_med": 4.131897687911987,
      "npe_std": 1.859216211268487,
      "dynesty_med": 3.2177993320759453,
      "dynesty_std": 1.8635619271187793,
      "med_offset_sigma": 0.49051139221265494,
      "width_ratio": 0.9976680587939036,
      "kl_npe_dynesty": 0.2004923685133444,
      "wasserstein": 0.6990087491190631
    },
    "geocent_time": {
      "npe_med": 0.028953373432159424,
      "npe_std": 0.10388905498640591,
      "dynesty_med": 0.010654926300048828,
      "dynesty_std": 0.003009237443252055,
      "med_offset_sigma": 6.080756801822471,
      "width_ratio": 34.52337092774012,
      "kl_npe_dynesty": 1.053814356931223,
      "wasserstein": 0.026027992513126215
    },
    "a1": {
      "npe_med": 0.6226410865783691,
      "npe_std": 0.21905970352619672,
      "dynesty_med": 0.044257947372728645,
      "dynesty_std": 0.04191858104100128,
      "med_offset_sigma": 13.797774424714891,
      "width_ratio": 5.225837632387725,
      "kl_npe_dynesty": 17.993223832993504,
      "wasserstein": 0.544817102176739
    },
    "a2": {
      "npe_med": 0.5371136367321014,
      "npe_std": 0.261075900444784,
      "dynesty_med": 0.039185234153121425,
      "dynesty_std": 0.04523875300267437,
      "med_offset_sigma": 11.006678091742847,
      "width_ratio": 5.771067444283502,
      "kl_npe_dynesty": 15.864278284123237,
      "wasserstein": 0.4752417605341626
    }
  },
  "dynesty_dL": {
    "median": 465.84726618853045,
    "mean": 460.271103155905,
    "std": 113.62608528275747,
    "ci90": [
      267.1537226901846,
      642.4818961732014
    ],
    "ci50": [
      381.29701367227364,
      543.0541441784632
    ]
  },
  "dynesty_ifo_meta_keys": [
    "name"
  ],
  "psd_parity_bench_vs_current": {},
  "learned_prior_dL_noise_gw150914_asdbands": {
    "median": 906.1221313476562,
    "mean": 947.9061889648438,
    "std": 578.9989013671875,
    "ci90": [
      143.4886932373047,
      1918.1025390625
    ],
    "ci50": [
      435.8283996582031,
      1430.125244140625
    ]
  },
  "learned_prior_dL_noise_design_asdbands": {
    "median": 1002.54833984375,
    "mean": 1009.8408203125,
    "std": 595.4716796875,
    "ci90": [
      163.61219787597656,
      1948.392333984375
    ],
    "ci50": [
      478.6005859375,
      1515.6348876953125
    ]
  },
  "analytic_prior_medians": {
    "training_d2_[40,2200]": 1746.1578615786157,
    "note": "dynesty uses UniformSourceFrame(50,2100); LeanNPE trained ~d^2"
  }
}