{
  "param_names": [
    "mass_1",
    "mass_2",
    "luminosity_distance",
    "ra",
    "dec",
    "theta_jn",
    "psi",
    "phase",
    "geocent_time",
    "a1",
    "a2"
  ],
  "trigger_gps": 1135136350.6,
  "truth": {
    "mass_1": 14.9,
    "mass_2": 8.4,
    "luminosity_distance": 450.0
  },
  "summary": {
    "n_samples": 10000,
    "trigger_gps": 1135136350.6,
    "parameters": [
      {
        "param": "mass_1",
        "median": 20.732163429260254,
        "mean": 29.65388406816721,
        "map": 1.029689908027649,
        "std": 27.142384256666947,
        "ci50%": [
          7.242046236991882,
          46.229732513427734
        ],
        "ci68%": [
          2.5230696773529053,
          60.90557952880863
        ],
        "ci90%": [
          1.581028813123703,
          86.72694854736325
        ],
        "ci95%": [
          1.3082160234451294,
          93.22610397338863
        ],
        "truth": 14.9,
        "truth_in_90": true
      },
      {
        "param": "mass_2",
        "median": 6.7108399868011475,
        "mean": 10.481955146551131,
        "map": 1.0078083276748657,
        "std": 11.981990412799158,
        "ci50%": [
          1.9432077407836914,
          13.43498420715332
        ],
        "ci68%": [
          1.5470801353454589,
          18.86883285522461
        ],
        "ci90%": [
          1.1222934603691102,
          34.568073081970205
        ],
        "ci95%": [
          1.0447427809238434,
          44.8515236854553
        ],
        "truth": 8.4,
        "truth_in_90": true
      },
      {
        "param": "luminosity_distance",
        "median": 521.3297729492188,
        "mean": 662.4314096298218,
        "map": 40.786590576171875,
        "std": 517.5951436704709,
        "ci50%": [
          236.65133666992188,
          971.7059936523438
        ],
        "ci68%": [
          156.95432312011718,
          1228.575449218751
        ],
        "ci90%": [
          79.25772590637206,
          1737.5944458007812
        ],
        "ci95%": [
          56.94881401062014,
          1917.59599609375
        ],
        "truth": 450.0,
        "truth_in_90": true
      },
      {
        "param": "ra",
        "median": 3.5297781229019165,
        "mean": 3.421170755274316,
        "map": 2.300053596496582,
        "std": 1.9796056965967928,
        "ci50%": [
          1.6550670862197876,
          5.379793167114258
        ],
        "ci68%": [
          1.1712281465530394,
          5.648303127288819
        ],
        "ci90%": [
          0.3328550159931182,
          6.045932745933532
        ],
        "ci95%": [
          0.13793532177805903,
          6.148097431659698
        ]
      },
      {
        "param": "dec",
        "median": -0.07236051559448242,
        "mean": -0.10007113213539123,
        "map": -0.5147157907485962,
        "std": 0.7103851133521062,
        "ci50%": [
          -0.6844797432422638,
          0.46810418367385864
        ],
        "ci68%": [
          -0.9331815958023072,
          0.6714846086502082
        ],
        "ci90%": [
          -1.2415571928024294,
          1.0147941350936889
        ],
        "ci95%": [
          -1.3364218801259993,
          1.1558046817779537
        ]
      },
      {
        "param": "theta_jn",
        "median": 1.597490668296814,
        "mean": 1.5606093985692715,
        "map": 1.6007853746414185,
        "std": 0.7420624158002225,
        "ci50%": [
          0.9667172282934189,
          2.1609039306640625
        ],
        "ci68%": [
          0.7274620151519775,
          2.3635324478149418
        ],
        "ci90%": [
          0.33416230231523514,
          2.706665313243866
        ],
        "ci95%": [
          0.19525006599724312,
          2.831589275598526
        ]
      },
      {
        "param": "psi",
        "median": 1.5247172117233276,
        "mean": 1.5457313345301653,
        "map": 1.6092514991760254,
        "std": 0.9224319995121905,
        "ci50%": [
          0.7548948973417282,
          2.3680531978607178
        ],
        "ci68%": [
          0.4622152531147003,
          2.6413821887969977
        ],
        "ci90%": [
          0.122453312203288,
          2.991438162326813
        ],
        "ci95%": [
          0.05148235224187399,
          3.0708056032657622
        ]
      },
      {
        "param": "phase",
        "median": 3.081281542778015,
        "mean": 3.0808300649553084,
        "map": 5.647459506988525,
        "std": 1.847522206184023,
        "ci50%": [
          1.4695567786693573,
          4.669848203659058
        ],
        "ci68%": [
          0.8944330048561095,
          5.293018817901611
        ],
        "ci90%": [
          0.23080953359603876,
          5.974946999549865
        ],
        "ci95%": [
          0.10280607882887131,
          6.126830267906189
        ]
      },
      {
        "param": "geocent_time",
        "median": -0.21852368116378784,
        "mean": -0.1456533147752285,
        "map": 0.3420490026473999,
        "std": 0.759405326262064,
        "ci50%": [
          -0.7307405918836594,
          0.4131627082824707
        ],
        "ci68%": [
          -0.9507994341850282,
          0.7113968706130984
        ],
        "ci90%": [
          -1.3102975368499756,
          1.2120793461799622
        ],
        "ci95%": [
          -1.4183176308870316,
          1.3625302851200103
        ]
      },
      {
        "param": "a1",
        "median": 0.3755694776773453,
        "mean": 0.4085941071867943,
        "map": 0.042667537927627563,
        "std": 0.3174872915214354,
        "ci50%": [
          0.07894424349069595,
          0.6917598992586136
        ],
        "ci68%": [
          0.03525614023208618,
          0.8003089213371277
        ],
        "ci90%": [
          0.009938055276870727,
          0.9355928510427475
        ],
        "ci95%": [
          0.004036026448011404,
          0.9655912041664122
        ]
      },
      {
        "param": "a2",
        "median": 0.2260843813419342,
        "mean": 0.33083763431608676,
        "map": 0.003638148307800293,
        "std": 0.32257874595061664,
        "ci50%": [
          0.033498458564281464,
          0.6074319779872894
        ],
        "ci68%": [
          0.021204030513763426,
          0.7498075819015504
        ],
        "ci90%": [
          0.0059984236955642695,
          0.9199042230844496
        ],
        "ci95%": [
          0.0027662657201290167,
          0.9557469218969346
        ]
      }
    ],
    "diagnostics": {
      "runtime": {
        "preprocess_s": 0.059,
        "gwosc_fetch_s": null,
        "encode_s": 0.141,
        "sampling_s": 10.663,
        "total_s": 10.805
      },
      "memory": {
        "rss_mb": 924.1,
        "mps_allocated_mb": 53.4
      },
      "n_effective": 10000,
      "boundary_railing_frac": 0.0487,
      "log_prob": {
        "median": -20.907812118530273,
        "max": 20.9648380279541
      },
      "ood_flags": [
        "V1: no data \u2014 filled with unit white noise (posterior uses remaining detectors only)"
      ],
      "context_ood": {
        "mahalanobis": 11.09,
        "percentile_vs_validation": 99.2
      },
      "verdict": {
        "confidence": "MEDIUM",
        "reasons": [
          "context in the top 0.8% distance tail"
        ]
      },
      "refinement": {
        "refine": true,
        "refine_global": true,
        "untrusted_params": [
          "mass_1",
          "mass_2"
        ],
        "strong_indicators": [
          "chirp-mass posterior uninformative (90% width 425% of median)"
        ],
        "moderate_indicators": [
          "confidence MEDIUM",
          "context in top 0.8% OOD tail",
          "V1: no data \u2014 filled with unit white noise (posterior uses remaining detectors only)"
        ],
        "indicators": {
          "confidence": "MEDIUM",
          "ood_percentile": 99.2,