{
  "param_names": [
    "mass_1",
    "mass_2",
    "luminosity_distance",
    "ra",
    "dec",
    "theta_jn",
    "psi",
    "phase",
    "geocent_time",
    "a1",
    "a2"
  ],
  "trigger_gps": 1135136350.6,
  "truth": {
    "mass_1": 14.9,
    "mass_2": 8.4,
    "luminosity_distance": 450.0
  },
  "summary": {
    "n_samples": 10000,
    "trigger_gps": 1135136350.6,
    "parameters": [
      {
        "param": "mass_1",
        "median": 23.813152313232422,
        "mean": 31.145230462443827,
        "map": 2.4441072940826416,
        "std": 22.929790243577443,
        "ci50%": [
          14.020257711410522,
          45.44319248199463
        ],
        "ci68%": [
          11.07677780151367,
          56.47052642822272
        ],
        "ci90%": [
          2.3149535417556764,
          78.16655349731445
        ],
        "ci95%": [
          1.8021084576845172,
          84.93568458557125
        ],
        "truth": 14.9,
        "truth_in_90": true
      },
      {
        "param": "mass_2",
        "median": 5.951864242553711,
        "mean": 6.31615787127018,
        "map": 2.018195390701294,
        "std": 5.9957208140020555,
        "ci50%": [
          2.084608793258667,
          8.72560739517212
        ],
        "ci68%": [
          1.7080469131469727,
          10.114702796936037
        ],
        "ci90%": [
          1.2286993145942688,
          13.381840705871573
        ],
        "ci95%": [
          1.098701000213623,
          15.425720047950744
        ],
        "truth": 8.4,
        "truth_in_90": true
      },
      {
        "param": "luminosity_distance",
        "median": 768.8647766113281,
        "mean": 842.6328339782715,
        "map": 197.95433044433594,
        "std": 432.83459711700584,
        "ci50%": [
          528.6094818115234,
          1140.6929321289062
        ],
        "ci68%": [
          420.37804687499994,
          1301.668735351563
        ],
        "ci90%": [
          204.38333587646483,
          1623.5929382324216
        ],
        "ci95%": [
          154.7400714874268,
          1792.3672790527341
        ],
        "truth": 450.0,
        "truth_in_90": true
      },
      {
        "param": "ra",
        "median": 3.4260374307632446,
        "mean": 3.311066628530878,
        "map": 4.529021263122559,
        "std": 1.777982197140336,
        "ci50%": [
          1.7991383373737335,
          4.860296845436096
        ],
        "ci68%": [
          1.2017492818832396,
          5.336077785491945
        ],
        "ci90%": [
          0.3369091093540184,
          5.974369978904724
        ],
        "ci95%": [
          0.1520187243819238,
          6.1002847194671626
        ]
      },
      {
        "param": "dec",
        "median": 0.0988120436668396,
        "mean": 0.04242293229699135,
        "map": 0.3720508813858032,
        "std": 0.7667728577313934,
        "ci50%": [
          -0.6253348141908646,
          0.6796582341194153
        ],
        "ci68%": [
          -0.8542486810684204,
          0.9000569963455215
        ],
        "ci90%": [
          -1.179751843214035,
          1.2107816100120543
        ],
        "ci95%": [
          -1.265564426779747,
          1.294028031826019
        ]
      },
      {
        "param": "theta_jn",
        "median": 1.5824669003486633,
        "mean": 1.5826042090911914,
        "map": 0.8404956459999084,
        "std": 0.7970787032212145,
        "ci50%": [
          0.8944532424211502,
          2.3024507761001587
        ],
        "ci68%": [
          0.6835201215744017,
          2.4806587982177737
        ],
        "ci90%": [
          0.3560515195131302,
          2.760919177532196
        ],
        "ci95%": [
          0.24070366136729734,
          2.854348850250244
        ]
      },
      {
        "param": "psi",
        "median": 1.6611912846565247,
        "mean": 1.6319994100790762,
        "map": 2.3964290618896484,
        "std": 0.8524445677000941,
        "ci50%": [
          0.940944641828537,
          2.350160002708435
        ],
        "ci68%": [
          0.6522214889526367,
          2.6033367729187016
        ],
        "ci90%": [
          0.23799750059843064,
          2.9482940793037415
        ],
        "ci95%": [
          0.11381531208753588,
          3.049513190984726
        ]
      },
      {
        "param": "phase",
        "median": 2.991986632347107,
        "mean": 3.055348633663246,
        "map": 3.288109540939331,
        "std": 1.793629087341831,
        "ci50%": [
          1.5345568358898163,
          4.554208517074585
        ],
        "ci68%": [
          1.006004762649536,
          5.258724956512451
        ],
        "ci90%": [
          0.3160723850131035,
          5.977799844741821
        ],
        "ci95%": [
          0.17327615804970273,
          6.139207947254181
        ]
      },
      {
        "param": "geocent_time",
        "median": 0.07591187953948975,
        "mean": 0.07736915583610535,
        "map": 0.16787266731262207,
        "std": 0.3208530377099445,
        "ci50%": [
          0.040960460901260376,
          0.11994156241416931
        ],
        "ci68%": [
          0.022314057350158692,
          0.15829936027526864
        ],
        "ci90%": [
          -0.2598295152187349,
          0.4315110564231864
        ],
        "ci95%": [
          -0.8726380541920662,
          0.8483569383621209
        ]
      },
      {
        "param": "a1",
        "median": 0.5166454613208771,
        "mean": 0.4925379743337631,
        "map": 0.010033249855041504,
        "std": 0.30130923464956255,
        "ci50%": [
          0.23004984855651855,
          0.753098800778389
        ],
        "ci68%": [
          0.10939778685569757,
          0.8337542200088504
        ],
        "ci90%": [
          0.019137769937515255,
          0.9466264992952347
        ],
        "ci95%": [
          0.00916947051882744,
          0.9690365880727768
        ]
      },
      {
        "param": "a2",
        "median": 0.23848173022270203,
        "mean": 0.3343777108460665,
        "map": 0.006085872650146484,
        "std": 0.32728151053825466,
        "ci50%": [
          0.027533575892448425,
          0.625843957066536
        ],
        "ci68%": [
          0.01686311602592468,
          0.7529098486900333
        ],
        "ci90%": [
          0.00524365901947021,
          0.9123853713273998
        ],
        "ci95%": [
          0.002672015130519868,
          0.9557426482439041
        ]
      }
    ],
    "diagnostics": {
      "runtime": {
        "preprocess_s": 0.032,
        "gwosc_fetch_s": null,
        "encode_s": 0.01,
        "sampling_s": 8.323,
        "total_s": 8.334
      },
      "memory": {
        "rss_mb": 1280.9,
        "mps_allocated_mb": 33.1
      },
      "n_effective": 10000,
      "boundary_railing_frac": 0.0329,
      "log_prob": {
        "median": -16.3681640625,
        "max": 15.483590126037598
      },
      "ood_flags": [
        "V1: no data \u2014 filled with unit white noise (posterior uses remaining detectors only)"
      ],
      "context_ood": {
        "mahalanobis": 9.11,
        "percentile_vs_validation": 66.0
      },
      "verdict": {
        "confidence": "HIGH",
        "reasons": [
          "V1: no data \u2014 filled with unit white noise (posterior uses remaining detectors only)"
        ]
      }
    }
  },