{
  "n_events": 300,
  "checkpoint_epoch": 38,
  "nll_matched": 2.0895707607269287,
  "shuffle_delta_nll": 4.478787422180176,
  "coverage": {
    "mass_1": {
      "50%": 0.48,
      "90%": 0.9066666666666666
    },
    "mass_2": {
      "50%": 0.55,
      "90%": 0.9266666666666666
    },
    "luminosity_distance": {
      "50%": 0.43333333333333335,
      "90%": 0.87
    },
    "ra": {
      "50%": 0.5133333333333333,
      "90%": 0.8833333333333333
    },
    "dec": {
      "50%": 0.44666666666666666,
      "90%": 0.8966666666666666
    },
    "theta_jn": {
      "50%": 0.44333333333333336,
      "90%": 0.8666666666666667
    },
    "psi": {
      "50%": 0.54,
      "90%": 0.9033333333333333
    },
    "phase": {
      "50%": 0.5266666666666666,
      "90%": 0.9266666666666666
    },
    "geocent_time": {
      "50%": 0.4666666666666667,
      "90%": 0.9166666666666666
    },
    "a1": {
      "50%": 0.4633333333333333,
      "90%": 0.9
    },
    "a2": {
      "50%": 0.5066666666666667,
      "90%": 0.8833333333333333
    }
  },
  "dist_corr_logmedian": 0.434010610956477,
  "dist_frac_err_median_abs": 0.48859912157058716
}