{
  "param_names": [
    "mass_1",
    "mass_2",
    "luminosity_distance",
    "ra",
    "dec",
    "theta_jn",
    "psi",
    "phase",
    "geocent_time",
    "a1",
    "a2"
  ],
  "trigger_gps": null,
  "truth": {
    "mass_1": 10.461115268715057,
    "mass_2": 8.90966731874177,
    "luminosity_distance": 1701.3464497208772,
    "ra": 2.1262458907485167,
    "dec": -1.2056579107974204,
    "theta_jn": 2.702577135945318,
    "psi": 2.135076031670823,
    "phase": 0.12164424578307317,
    "geocent_time": 1.357919558734491,
    "a1": 0.7222029146889704,
    "a2": 0.17232228475604763
  },
  "summary": {
    "n_samples": 3000,
    "trigger_gps": null,
    "parameters": [
      {
        "param": "mass_1",
        "median": 16.84115982055664,
        "mean": 24.144600204467775,
        "map": 1.0909414291381836,
        "std": 22.211077344647176,
        "ci50%": [
          8.46658968925476,
          33.82076644897461
        ],
        "ci68%": [
          3.404362230300892,
          47.4876824951172
        ],
        "ci90%": [
          1.3942302227020265,
          71.67098884582518
        ],
        "ci95%": [
          1.1683938682079318,
          81.02247924804689
        ],
        "truth": 10.461115268715057,
        "truth_in_90": true
      },
      {
        "param": "mass_2",
        "median": 5.4218761920928955,
        "mean": 5.791344003478686,
        "map": 1.0507704019546509,
        "std": 5.236465335308333,
        "ci50%": [
          1.6716902554035187,
          8.503193378448486
        ],
        "ci68%": [
          1.3457939052581787,
          10.016672134399416
        ],
        "ci90%": [
          1.0445051491260529,
          13.784781169891353
        ],
        "ci95%": [
          1.0043733268976212,
          15.994089436531077
        ],
        "truth": 8.90966731874177,
        "truth_in_90": true
      },
      {
        "param": "luminosity_distance",
        "median": 957.6544189453125,
        "mean": 1005.2715255088806,
        "map": 177.53567504882812,
        "std": 577.0235625289545,
        "ci50%": [
          516.1090545654297,
          1487.774658203125
        ],
        "ci68%": [
          305.49735595703123,
          1660.0637646484379
        ],
        "ci90%": [
          182.58332595825195,
          1976.5645446777341
        ],
        "ci95%": [
          151.62693099975587,
          2055.558306884766
        ],
        "truth": 1701.3464497208772,
        "truth_in_90": true
      },
      {
        "param": "ra",
        "median": 2.8664534091949463,
        "mean": 3.1265040038841154,
        "map": 1.2742210626602173,
        "std": 1.7379396374072402,
        "ci50%": [
          1.6294996738433838,
          4.723139047622681
        ],
        "ci68%": [
          1.2679861497879028,
          5.136480255126953
        ],
        "ci90%": [
          0.5964508235454556,
          5.886541604995724
        ],
        "ci95%": [
          0.25539009794592876,
          6.090696203708649
        ],
        "truth": 2.1262458907485167,
        "truth_in_90": true
      },
      {
        "param": "dec",
        "median": -0.14069396257400513,
        "mean": -0.1088764946659406,
        "map": -0.8747025728225708,
        "std": 0.765883904947514,
        "ci50%": [
          -0.7896201759576797,
          0.5243499279022217
        ],
        "ci68%": [
          -0.9618444132804871,
          0.7351544809341434
        ],
        "ci90%": [
          -1.2244916975498201,
          1.161642479896544
        ],
        "ci95%": [
          -1.357299444079399,
          1.2746115624904633
        ],
        "truth": -1.2056579107974204,
        "truth_in_90": true
      },
      {
        "param": "theta_jn",
        "median": 1.453561782836914,
        "mean": 1.4800595014542341,
        "map": 1.064841866493225,
        "std": 0.6977361091464048,
        "ci50%": [
          0.9162993133068085,
          2.0559083819389343
        ],
        "ci68%": [
          0.6992595267295837,
          2.2187723922729496
        ],
        "ci90%": [
          0.3764565378427501,
          2.6277636289596558
        ],
        "ci95%": [
          0.2543529585003857,
          2.7715276122093204
        ],
        "truth": 2.702577135945318,
        "truth_in_90": false
      },
      {
        "param": "psi",
        "median": 1.6781019568443298,
        "mean": 1.6769737523051444,
        "map": 1.807124137878418,
        "std": 0.891469019026287,
        "ci50%": [
          0.986309364438057,
          2.4160245656967163
        ],
        "ci68%": [
          0.6372228932380676,
          2.727012825012207
        ],
        "ci90%": [
          0.17289303466677652,
          3.0336740612983704
        ],
        "ci95%": [
          0.09525876548141245,
          3.0851314663887024
        ],
        "truth": 2.135076031670823,
        "truth_in_90": true
      },
      {
        "param": "phase",
        "median": 3.3926841020584106,
        "mean": 3.2684171557165684,
        "map": 2.1299827098846436,
        "std": 1.7404498529282557,
        "ci50%": [
          1.7702486515045166,
          4.7110220193862915
        ],
        "ci68%": [
          1.2265805387496949,
          5.231203899383545
        ],
        "ci90%": [
          0.4932104930281635,
          5.949242186546325
        ],
        "ci95%": [
          0.23060829564929036,
          6.118641817569733
        ],
        "truth": 0.12164424578307317,
        "truth_in_90": false
      },
      {
        "param": "geocent_time",
        "median": 1.2960500717163086,
        "mean": 0.8283816436926524,
        "map": 1.0200709104537964,
        "std": 0.8706836499064672,
        "ci50%": [
          0.48601406812667847,
          1.4023986458778381
        ],
        "ci68%": [
          -0.0687691545486451,
          1.4283834791183472
        ],
        "ci90%": [
          -1.253993403911591,
          1.4736143469810485
        ],
        "ci95%": [
          -1.4231625914573667,
          1.4934273421764375
        ],
        "truth": 1.357919558734491,
        "truth_in_90": true
      },
      {
        "param": "a1",
        "median": 0.40954771637916565,
        "mean": 0.41909436631202696,
        "map": 0.04010152816772461,
        "std": 0.3174078249097085,
        "ci50%": [
          0.10214164853096008,
          0.6971898972988129
        ],
        "ci68%": [
          0.038038110733032225,
          0.8120184183120728
        ],
        "ci90%": [
          0.011862775683403014,
          0.9309511601924896
        ],
        "ci95%": [
          0.00465953350067139,
          0.9625104784965516
        ],
        "truth": 0.7222029146889704,
        "truth_in_90": true
      },
      {
        "param": "a2",
        "median": 0.158053457736969,
        "mean": 0.3161605708102385,
        "map": 0.04881411790847778,
        "std": 0.32397887109573414,
        "ci50%": [
          0.033418431878089905,
          0.6046415418386459
        ],
        "ci68%": [
          0.021750745773315427,
          0.7297411584854127
        ],
        "ci90%": [
          0.0055241167545318605,
          0.9024266004562377
        ],
        "ci95%": [
          0.0020401380956172996,
          0.9413902893662454
        ],
        "truth": 0.17232228475604763,
        "truth_in_90": true
      }
    ],
    "diagnostics": {
      "runtime": {
        "preprocess_s": 0.002,
        "gwosc_fetch_s": null,
        "encode_s": 0.034,
        "sampling_s": 5.316,
        "total_s": 5.472
      },
      "memory": {
        "rss_mb": 763.3,
        "mps_allocated_mb": 0.0
      },
      "n_effective": 3000,
      "boundary_railing_frac": 0.075,
      "log_prob": {
        "median": -17.108293533325195,
        "max": -2.5623388290405273
      },
      "ood_flags": [
        "7.5% of samples rail at the parameter bounds \u2014 the event may lie outside the training prior (out-of-distribution)"
      ]
    }
  },