{
  "H1_clamp_rate_per_param": {
    "mass_1": 0.006506,
    "mass_2": 0.007926666666666667,
    "luminosity_distance": 0.006306,
    "ra": 0.0,
    "dec": 0.003474,
    "theta_jn": 0.018518,
    "psi": 0.0,
    "phase": 0.0,
    "geocent_time": 0.003104,
    "a1": 0.017530666666666667,
    "a2": 0.013943333333333334
  },
  "H1_overall_clamp_rate": 0.007028060606060606,
  "H1_sbc_by_mode": {
    "hard": {
      "mass_1": {
        "stat": 0.06620000000000001,
        "p": 1.70376884082337e-19
      },
      "mass_2": {
        "stat": 0.057599999999999985,
        "p": 7.336459801736363e-15
      },
      "luminosity_distance": {
        "stat": 0.09606666666666669,
        "p": 1.2945878328978992e-40
      },
      "ra": {
        "stat": 0.0306,
        "p": 0.00016785812397903223
      },
      "dec": {
        "stat": 0.02453333333333335,
        "p": 0.004783449804580523
      },
      "theta_jn": {
        "stat": 0.03859999999999997,
        "p": 6.564152080167269e-07
      },
      "psi": {
        "stat": 0.0294,
        "p": 0.0003452179957326707
      },
      "phase": {
        "stat": 0.04353333333333331,
        "p": 1.1344312269197284e-08
      },
      "geocent_time": {
        "stat": 0.060866666666666625,
        "p": 1.5181033568939583e-16
      },
      "a1": {
        "stat": 0.0296,
        "p": 0.0003067405341099269
      },
      "a2": {
        "stat": 0.032,
        "p": 6.978658727964962e-05
      }
    },
    "noclamp": {
      "mass_1": {
        "stat": 0.06620000000000001,
        "p": 1.70376884082337e-19
      },
      "mass_2": {
        "stat": 0.057599999999999985,
        "p": 7.336459801736363e-15
      },
      "luminosity_distance": {
        "stat": 0.09606666666666669,
        "p": 1.2945878328978992e-40
      },
      "ra": {
        "stat": 0.0306,
        "p": 0.00016785812397903223
      },
      "dec": {
        "stat": 0.02453333333333335,
        "p": 0.004783449804580523
      },
      "theta_jn": {
        "stat": 0.04219999999999999,
        "p": 3.5644765496754476e-08
      },
      "psi": {
        "stat": 0.0294,
        "p": 0.0003452179957326707
      },
      "phase": {
        "stat": 0.04353333333333331,
        "p": 1.1344312269197284e-08
      },
      "geocent_time": {
        "stat": 0.060866666666666625,
        "p": 1.5181033568939583e-16
      },
      "a1": {
        "stat": 0.027200000000000002,
        "p": 0.0012013877779323853
      },
      "a2": {
        "stat": 0.020333333333333342,
        "p": 0.031585588108060225
      }
    },
    "reflect": {
      "mass_1": {
        "stat": 0.0656,
        "p": 3.7642205118180867e-19
      },
      "mass_2": {
        "stat": 0.057466666666666666,
        "p": 8.555610477401136e-15
      },
      "luminosity_distance": {
        "stat": 0.09626666666666667,
        "p": 8.796911541258813e-41
      },
      "ra": {
        "stat": 0.0306,
        "p": 0.00016785812397903223
      },
      "dec": {
        "stat": 0.024466666666666692,
        "p": 0.004942545117838901
      },
      "theta_jn": {
        "stat": 0.03846666666666665,
        "p": 7.275635971000865e-07
      },
      "psi": {
        "stat": 0.0294,
        "p": 0.0003452179957326707
      },
      "phase": {
        "stat": 0.04353333333333331,
        "p": 1.1344312269197284e-08
      },
      "geocent_time": {
        "stat": 0.060733333333333306,
        "p": 1.7859388277947187e-16
      },
      "a1": {
        "stat": 0.0306,
        "p": 0.00016785812397903223
      },
      "a2": {
        "stat": 0.03573333333333334,
        "p": 5.545892312459833e-06
      }
    }
  },
  "H1_coverage_hard": {
    "mass_1": {
      "50%": 0.5174,
      "90%": 0.9044
    },
    "mass_2": {
      "50%": 0.5248,
      "90%": 0.9048
    },
    "luminosity_distance": {
      "50%": 0.5024,
      "90%": 0.895
    },
    "ra": {
      "50%": 0.4918,
      "90%": 0.8844
    },
    "dec": {
      "50%": 0.503,
      "90%": 0.8846
    },
    "theta_jn": {
      "50%": 0.5132,
      "90%": 0.9124
    },
    "psi": {
      "50%": 0.4738,
      "90%": 0.8856
    },
    "phase": {
      "50%": 0.4978,
      "90%": 0.8924
    },
    "geocent_time": {
      "50%": 0.5302,
      "90%": 0.9144
    },
    "a1": {
      "50%": 0.4884,
      "90%": 0.911
    },
    "a2": {
      "50%": 0.4858,
      "90%": 0.9042
    }
  },
  "H5_sbc_conditioned_on_clamp_free": {
    "mass_1": {
      "n_clean_events": 4254,
      "n_total": 5000,
      "frac_clean": 0.8508,
      "sbc_p_clean": 1.9891953890800382e-17,
      "sbc_p_all": 1.70376884082337e-19
    },
    "mass_2": {
      "n_clean_events": 3737,
      "n_total": 5000,
      "frac_clean": 0.7474,
      "sbc_p_clean": 1.622076307809232e-18,
      "sbc_p_all": 7.336459801736363e-15
    },
    "luminosity_distance": {
      "n_clean_events": 4458,
      "n_total": 5000,
      "frac_clean": 0.8916,
      "sbc_p_clean": 1.0406028402750284e-37,
      "sbc_p_all": 1.2945878328978992e-40
    },
    "ra": null,
    "dec": {
      "n_clean_events": 4900,
      "n_total": 5000,
      "frac_clean": 0.98,
      "sbc_p_clean": 0.00437252937621404,
      "sbc_p_all": 0.004783449804580523
    },
    "theta_jn": {
      "n_clean_events": 4253,
      "n_total": 5000,
      "frac_clean": 0.8506,
      "sbc_p_clean": 1.4666018405983872e-09,
      "sbc_p_all": 6.564152080167269e-07
    },
    "psi": null,
    "phase": null,
    "geocent_time": {
      "n_clean_events": 4927,
      "n_total": 5000,
      "frac_clean": 0.9854,
      "sbc_p_clean": 2.316315563711183e-16,
      "sbc_p_all": 1.5181033568939583e-16
    },
    "a1": {
      "n_clean_events": 3598,
      "n_total": 5000,
      "frac_clean": 0.7196,
      "sbc_p_clean": 5.116757588152748e-07,
      "sbc_p_all": 0.0003067405341099269
    },
    "a2": {
      "n_clean_events": 3263,
      "n_total": 5000,
      "frac_clean": 0.6526,
      "sbc_p_clean": 0.07963971270947079,
      "sbc_p_all": 6.978658727964962e-05
    }
  },
  "H6_bns_nsbh_distance_floor": {
    "BNS": {
      "n_near_lt40": 5,
      "n_far_ge40": 950,
      "median_frac_err_near": 1.3620730638504028,
      "median_frac_err_far": 1.4184914827346802,
      "mean_dL_pred_near": 64.94175720214844,
      "mean_dL_true_near": 25.770700454711914,
      "coverage90_near": null,
      "coverage90_far": {
        "90%": 0.8736842105263158
      }
    },
    "NSBH": {
      "n_near_lt40": 0,
      "n_far_ge40": 1000,
      "median_frac_err_near": null,
      "median_frac_err_far": -0.005629266612231731,
      "mean_dL_pred_near": null,
      "mean_dL_true_near": null,
      "coverage90_near": null,
      "coverage90_far": {
        "90%": 0.975
      }
    }
  },
  "H6_event_type_counts": {
    "BBH": 3045,
    "BNS": 955,
    "NSBH": 1000
  },
  "H2_gwtc_reweighted": {
    "effective_sample_size": 2070.4075465997457,
    "sbc_p_reweighted": {
      "mass_1": 1.013311965031831e-40,
      "mass_2": 6.86169869466584e-170,
      "luminosity_distance": 4.709622745410533e-291,
      "ra": 5.0853868249063936e-05,
      "dec": 0.0002808847711889582,
      "theta_jn": 0.002209719834137539,
      "psi": 0.00031835405196008296,
      "phase": 3.374151350143018e-07,
      "geocent_time": 1.940353665570497e-22,
      "a1": 1.7755672827379724e-45,
      "a2": 8.398148693926758e-29
    },
    "sbc_p_unweighted": {
      "mass_1": 1.70376884082337e-19,
      "mass_2": 7.336459801736363e-15,
      "luminosity_distance": 1.2945878328978992e-40,
      "ra": 0.00016785812397903223,
      "dec": 0.004783449804580523,
      "theta_jn": 6.564152080167269e-07,
      "psi": 0.0003452179957326707,
      "phase": 1.1344312269197284e-08,
      "geocent_time": 1.5181033568939583e-16,
      "a1": 0.0003067405341099269,
      "a2": 6.978658727964962e-05
    },
    "coverage90_reweighted_distance": 0.829,
    "coverage90_unweighted_distance": 0.895,
    "median_dL_true_reweighted": 1673.5159912109375,
    "median_dL_true_unweighted": 972.690185546875
  }
}