{
  "meta": {
    "model": "model/lean_v8_psdcond/best_model.pth",
    "epoch": 17,
    "val_nll": 1.005021550040692,
    "device": "mps",
    "timestamp": "2026-07-10 00:49:34",
    "wall_s": 990.4581789970398
  },
  "gaussian": {
    "n_events": 2000,
    "n_post": 400,
    "nll": 0.24316321313381195,
    "shuffle_delta_nll": 5.618143558502197,
    "dist_corr": 0.5898182365459896,
    "coverage": {
      "mass_1": {
        "50": 0.517,
        "68": 0.6805,
        "90": 0.8895,
        "95": 0.9375
      },
      "mass_2": {
        "50": 0.5085,
        "68": 0.6755,
        "90": 0.894,
        "95": 0.946
      },
      "luminosity_distance": {
        "50": 0.5035,
        "68": 0.7055,
        "90": 0.9395,
        "95": 0.976
      },
      "ra": {
        "50": 0.5155,
        "68": 0.68,
        "90": 0.904,
        "95": 0.9495
      },
      "dec": {
        "50": 0.4975,
        "68": 0.633,
        "90": 0.8525,
        "95": 0.914
      },
      "theta_jn": {
        "50": 0.485,
        "68": 0.6975,
        "90": 0.903,
        "95": 0.951
      },
      "psi": {
        "50": 0.5275,
        "68": 0.69,
        "90": 0.8955,
        "95": 0.942
      },
      "phase": {
        "50": 0.467,
        "68": 0.633,
        "90": 0.869,
        "95": 0.9305
      },
      "geocent_time": {
        "50": 0.557,
        "68": 0.7235,
        "90": 0.912,
        "95": 0.9545
      },
      "a1": {
        "50": 0.51,
        "68": 0.7195,
        "90": 0.93,
        "95": 0.9795
      },
      "a2": {
        "50": 0.5205,
        "68": 0.691,
        "90": 0.9075,
        "95": 0.943
      }
    },
    "sbc_ks_p": {
      "mass_1": 7.319829660650571e-12,
      "mass_2": 0.0011900570572091682,
      "luminosity_distance": 0.0007030062474394219,
      "ra": 2.5078770105414945e-16,
      "dec": 0.000703006247439408,
      "theta_jn": 2.163466452869009e-06,
      "psi": 1.2598298451378142e-10,
      "phase": 0.0002808847711889582,
      "geocent_time": 8.327494988986189e-07,
      "a1": 3.1039479652732173e-07,
      "a2": 1.3781155272213636e-09
    },
    "railing_frac": 0.05094375
  },
  "real": {
    "n_events": 2000,
    "n_post": 400,
    "nll": 0.4432113468647003,
    "shuffle_delta_nll": 5.1562676429748535,
    "dist_corr": 0.5163083739454389,
    "coverage": {
      "mass_1": {
        "50": 0.493,
        "68": 0.667,
        "90": 0.8895,
        "95": 0.943
      },
      "mass_2": {
        "50": 0.5025,
        "68": 0.661,
        "90": 0.883,
        "95": 0.9405
      },
      "luminosity_distance": {
        "50": 0.477,
        "68": 0.6795,
        "90": 0.9345,
        "95": 0.972
      },
      "ra": {
        "50": 0.5145,
        "68": 0.681,
        "90": 0.904,
        "95": 0.949
      },
      "dec": {
        "50": 0.4925,
        "68": 0.6335,
        "90": 0.85,
        "95": 0.9125
      },
      "theta_jn": {
        "50": 0.493,
        "68": 0.694,
        "90": 0.9075,
        "95": 0.962
      },
      "psi": {
        "50": 0.5265,
        "68": 0.685,
        "90": 0.898,
        "95": 0.9425
      },
      "phase": {
        "50": 0.465,
        "68": 0.644,
        "90": 0.869,
        "95": 0.9325
      },
      "geocent_time": {
        "50": 0.5625,
        "68": 0.728,
        "90": 0.9095,
        "95": 0.9575
      },
      "a1": {
        "50": 0.5205,
        "68": 0.716,
        "90": 0.93,
        "95": 0.9845
      },
      "a2": {
        "50": 0.518,
        "68": 0.68,
        "90": 0.905,
        "95": 0.9435
      }
    },
    "sbc_ks_p": {
      "mass_1": 1.960990089534412e-12,
      "mass_2": 0.01671262423085705,
      "luminosity_distance": 0.001673478779450913,
      "ra": 1.7067162480397736e-16,
      "dec": 0.00015813108738588005,
      "theta_jn": 5.104582306620233e-07,
      "psi": 4.2344653007683197e-10,
      "phase": 0.00023239619830365217,
      "geocent_time": 1.3260103572903858e-05,
      "a1": 5.757260143207512e-09,
      "a2": 3.1039479652732173e-07
    },
    "railing_frac": 0.05074375
  },
  "gw150914": {
    "GW150914": "m1 31.1 (pub 38.8) | m2 30.1 (pub 33.4) | dL 1120 (pub 440) | t_c +0.044s | rail 55.1% | conf LOW | gate: REFINE",
    "GW151226": "m1 20.6 (pub 13.7) | m2 5.7 (pub 7.7) | dL 802 (pub 440) | t_c -0.026s | rail 8.5% | conf MEDIUM | gate: REFINE",
    "GW170104": "m1 47.1 (pub 31.0) | m2 29.5 (pub 20.1) | dL 1395 (pub 960) | t_c +0.000s | rail 26.1% | conf LOW | gate: REFINE (mass_1,mass_2)",
    "GW170608": "m1 29.5 (pub 12.0) | m2 10.3 (pub 7.0) | dL 1031 (pub 320) | t_c -0.069s | rail 8.8% | conf MEDIUM | gate: REFINE (mass_1,mass_2)",
    "GW170729": "m1 61.8 (pub 50.6) | m2 30.6 (pub 34.3) | dL 1528 (pub 2750) | t_c +0.017s | rail 15.4% | conf MEDIUM | gate: REFINE (mass_1,mass_2)",
    "GW170814": "m1 30.9 (pub 30.7) | m2 29.9 (pub 25.3) | dL 1229 (pub 600) | t_c +0.037s | rail 59.6% | conf LOW | gate: REFINE"
  },
  "gates": [
    {
      "gate": "gaussian shuffle \u0394NLL > 5 nats",
      "pass": true,
      "detail": "5.62"
    },
    {
      "gate": "gaussian 50% coverage within \u00b10.07 (\u22642 exceptions)",
      "pass": true,
      "detail": "violations: none"
    },
    {
      "gate": "gaussian 90% coverage within \u00b10.05 (\u22642 exceptions)",
      "pass": true,
      "detail": "violations: none"
    },
    {
      "gate": "gaussian SBC KS p>1e-3 for \u22659/11 params",
      "pass": false,
      "detail": "1/11"
    },
    {
      "gate": "gaussian spurious railing < 5%",
      "pass": false,
      "detail": "5.09%"
    },
    {
      "gate": "distance correlation > 0.5",
      "pass": true,
      "detail": "0.590"
    },
    {
      "gate": "real-noise shuffle \u0394NLL > 5 nats",
      "pass": true,
      "detail": "5.16"
    },
    {
      "gate": "real-noise 90% coverage within \u00b10.07 (\u22642 exceptions)",
      "pass": true,
      "detail": "violations: none"
    },
    {
      "gate": "real vs gaussian NLL gap < 3 nats",
      "pass": true,
      "detail": "gaussian 0.24 vs real 0.44"
    },
    {
      "gate": "real-event smoke tests (6 GWTC events, |t_c|<0.1s)",
      "pass": true,
      "detail": "all 6 events ran, |t_c|<0.1s"
    }
  ]
}