{
  "n_events": 2500,
  "experiment_1_probe_tiers": {
    "linear": {
      "r2": 0.36100059747695923,
      "mae": 0.5263205170631409,
      "pearson": 0.6077203154563904,
      "spearman": 0.5460163912677644
    },
    "ridge": {
      "r2": 0.36169564723968506,
      "mae": 0.5229639410972595,
      "pearson": 0.6014808416366577,
      "spearman": 0.5473064271337509
    },
    "small_mlp": {
      "r2": 0.19900977611541748,
      "mae": 0.6337325572967529,
      "pearson": 0.5020884275436401,
      "spearman": 0.4347695190941374
    },
    "large_mlp": {
      "r2": 0.3372238874435425,
      "mae": 0.571605384349823,
      "pearson": 0.5865799784660339,
      "spearman": 0.49684560283618484
    },
    "gbm": {
      "r2": 0.36305349725272074,
      "mae": 0.5320658945488174,
      "pearson": 0.6070370413698815,
      "spearman": 0.5449915105002532
    }
  },
  "experiment_4_amplitude": {
    "peak_amplitude_H1": {
      "r2": 0.8096059560775757,
      "mae": 0.25578755140304565,
      "pearson": 0.8997852802276611,
      "spearman": 0.8803272474733685
    },
    "detector_energy_H1": {
      "r2": 0.8123425245285034,
      "mae": 0.3860234022140503,
      "pearson": 0.9013128280639648,
      "spearman": 0.8918357955000985
    },
    "matched_filter_snr_H1": {
      "r2": 0.8123424649238586,
      "mae": 0.19301171600818634,
      "pearson": 0.9013128280639648,
      "spearman": 0.8918357571000185
    },
    "peak_amplitude_L1": {
      "r2": 0.8232371807098389,
      "mae": 0.26161274313926697,
      "pearson": 0.9073353409767151,
      "spearman": 0.88798776746194
    },
    "detector_energy_L1": {
      "r2": 0.8129598498344421,
      "mae": 0.4187331199645996,
      "pearson": 0.9016713500022888,
      "spearman": 0.8933852350544652
    },
    "matched_filter_snr_L1": {
      "r2": 0.8129598498344421,
      "mae": 0.209366574883461,
      "pearson": 0.9016714096069336,
      "spearman": 0.893385000642448
    },
    "peak_amplitude_V1": {
      "r2": 0.5644211769104004,
      "mae": 0.39639976620674133,
      "pearson": 0.7512986063957214,
      "spearman": 0.7093631647032111
    },
    "detector_energy_V1": {
      "r2": 0.5118747353553772,
      "mae": 0.7356807589530945,
      "pearson": 0.7154876589775085,
      "spearman": 0.7050171297969295
    },
    "matched_filter_snr_V1": {
      "r2": 0.5118747353553772,
      "mae": 0.36784037947654724,
      "pearson": 0.7154876589775085,
      "spearman": 0.7050169838766259
    },
    "network_snr": {
      "r2": 0.8688750863075256,
      "mae": 0.15766862034797668,
      "pearson": 0.932144045829773,
      "spearman": 0.9087503126023253
    },
    "chirp_mass_reference": {
      "r2": 0.5585741996765137,
      "mae": 0.572426974773407,
      "pearson": 0.7473828792572021,
      "spearman": 0.7707235804300794
    }
  },
  "experiment_1_summary": {
    "best_tier": "gbm",
    "gain_over_linear_r2": 0.0020528997757615075
  }
}