{
  "meta": {
    "model": "model/lean_npe_v4/best_model.pth",
    "epoch": 2,
    "val_nll": -0.5246524548158049,
    "device": "mps",
    "timestamp": "2026-07-08 19:02:15",
    "wall_s": 618.7558982372284
  },
  "gaussian": {
    "n_events": 2000,
    "n_post": 400,
    "nll": -2.6503846645355225,
    "shuffle_delta_nll": 11.755276679992676,
    "dist_corr": 0.6450415634580683,
    "coverage": {
      "mass_1": {
        "50": 0.508,
        "68": 0.697,
        "90": 0.912,
        "95": 0.961
      },
      "mass_2": {
        "50": 0.506,
        "68": 0.6775,
        "90": 0.9035,
        "95": 0.959
      },
      "luminosity_distance": {
        "50": 0.515,
        "68": 0.714,
        "90": 0.931,
        "95": 0.9755
      },
      "ra": {
        "50": 0.47,
        "68": 0.655,
        "90": 0.8795,
        "95": 0.9285
      },
      "dec": {
        "50": 0.468,
        "68": 0.612,
        "90": 0.8495,
        "95": 0.919
      },
      "theta_jn": {
        "50": 0.5155,
        "68": 0.709,
        "90": 0.895,
        "95": 0.9405
      },
      "psi": {
        "50": 0.5215,
        "68": 0.684,
        "90": 0.8855,
        "95": 0.9265
      },
      "phase": {
        "50": 0.4675,
        "68": 0.6515,
        "90": 0.8715,
        "95": 0.926
      },
      "geocent_time": {
        "50": 0.525,
        "68": 0.7085,
        "90": 0.916,
        "95": 0.9565
      },
      "a1": {
        "50": 0.4945,
        "68": 0.6895,
        "90": 0.914,
        "95": 0.9635
      },
      "a2": {
        "50": 0.511,
        "68": 0.6935,
        "90": 0.908,
        "95": 0.951
      }
    },
    "sbc_ks_p": {
      "mass_1": 3.128357200379463e-05,
      "mass_2": 0.25948598956597857,
      "luminosity_distance": 0.0004900039140788206,
      "ra": 2.5318133733418037e-05,
      "dec": 1.3260103572903858e-05,
      "theta_jn": 0.007026994506371968,
      "psi": 0.03255991935098401,
      "phase": 1.0604306943365804e-06,
      "geocent_time": 0.019173983247511323,
      "a1": 0.0019785206144251055,
      "a2": 0.0027489692188256334
    },
    "railing_frac": 0.03759625
  },
  "real": {
    "n_events": 2000,
    "n_post": 400,
    "nll": -1.8054227828979492,
    "shuffle_delta_nll": 9.640207290649414,
    "dist_corr": 0.5528991146227772,
    "coverage": {
      "mass_1": {
        "50": 0.5105,
        "68": 0.6845,
        "90": 0.9005,
        "95": 0.9605
      },
      "mass_2": {
        "50": 0.4865,
        "68": 0.661,
        "90": 0.8985,
        "95": 0.953
      },
      "luminosity_distance": {
        "50": 0.4865,
        "68": 0.69,
        "90": 0.929,
        "95": 0.977
      },
      "ra": {
        "50": 0.4815,
        "68": 0.663,
        "90": 0.8895,
        "95": 0.9315
      },
      "dec": {
        "50": 0.483,
        "68": 0.6265,
        "90": 0.846,
        "95": 0.9135
      },
      "theta_jn": {
        "50": 0.516,
        "68": 0.711,
        "90": 0.9005,
        "95": 0.942
      },
      "psi": {
        "50": 0.5175,
        "68": 0.686,
        "90": 0.8945,
        "95": 0.926
      },
      "phase": {
        "50": 0.4695,
        "68": 0.648,
        "90": 0.8715,
        "95": 0.9305
      },
      "geocent_time": {
        "50": 0.527,
        "68": 0.709,
        "90": 0.918,
        "95": 0.9535
      },
      "a1": {
        "50": 0.48,
        "68": 0.6815,
        "90": 0.9115,
        "95": 0.9625
      },
      "a2": {
        "50": 0.5115,
        "68": 0.6885,
        "90": 0.902,
        "95": 0.948
      }
    },
    "sbc_ks_p": {
      "mass_1": 8.529640795381222e-06,
      "mass_2": 0.0023344815861259883,
      "luminosity_distance": 3.128357200379463e-05,
      "ra": 2.5318133733419233e-05,
      "dec": 0.0004078621500267321,
      "theta_jn": 0.01671262423085705,
      "psi": 0.03255991935098401,
      "phase": 2.163466452869009e-06,
      "geocent_time": 0.01671262423085718,
      "a1": 0.004434921412554682,
      "a2": 0.019173983247511465
    },
    "railing_frac": 0.0394625
  },
  "gw150914": {
    "GW150914": "m1 60.5 (pub 38.8) | m2 36.3 (pub 33.4) | dL 1362 (pub 440) | t_c +0.039s | rail 20.4% | conf LOW | gate: REFINE (mass_1,mass_2)",
    "GW151226": "m1 25.3 (pub 13.7) | m2 7.0 (pub 7.7) | dL 892 (pub 440) | t_c +0.066s | rail 3.5% | conf HIGH | gate: REFINE",
    "GW170104": "m1 56.2 (pub 31.0) | m2 26.0 (pub 20.1) | dL 1529 (pub 960) | t_c -0.002s | rail 6.6% | conf MEDIUM | gate: REFINE (mass_1,mass_2)",
    "GW170608": "m1 23.9 (pub 12.0) | m2 6.9 (pub 7.0) | dL 845 (pub 320) | t_c -0.006s | rail 3.0% | conf HIGH | gate: REFINE",
    "GW170729": "m1 82.3 (pub 50.6) | m2 48.0 (pub 34.3) | dL 1630 (pub 2750) | t_c +0.019s | rail 3.6% | conf HIGH | gate: REFINE (mass_1,mass_2)",
    "GW170814": "m1 30.0 (pub 30.7) | m2 29.8 (pub 25.3) | dL 1289 (pub 600) | t_c +0.044s | rail 55.9% | conf LOW | gate: REFINE"
  },
  "gates": [
    {
      "gate": "gaussian shuffle \u0394NLL > 5 nats",
      "pass": true,
      "detail": "11.76"
    },
    {
      "gate": "gaussian 50% coverage within \u00b10.07 (\u22642 exceptions)",
      "pass": true,
      "detail": "violations: none"
    },
    {
      "gate": "gaussian 90% coverage within \u00b10.05 (\u22642 exceptions)",
      "pass": true,
      "detail": "violations: ['dec']"
    },
    {
      "gate": "gaussian SBC KS p>1e-3 for \u22659/11 params",
      "pass": false,
      "detail": "6/11"
    },
    {
      "gate": "gaussian spurious railing < 5%",
      "pass": true,
      "detail": "3.76%"
    },
    {
      "gate": "distance correlation > 0.5",
      "pass": true,
      "detail": "0.645"
    },
    {
      "gate": "real-noise shuffle \u0394NLL > 5 nats",
      "pass": true,
      "detail": "9.64"
    },
    {
      "gate": "real-noise 90% coverage within \u00b10.07 (\u22642 exceptions)",
      "pass": true,
      "detail": "violations: none"
    },
    {
      "gate": "real vs gaussian NLL gap < 3 nats",
      "pass": true,
      "detail": "gaussian -2.65 vs real -1.81"
    },
    {
      "gate": "real-event smoke tests (6 GWTC events, |t_c|<0.1s)",
      "pass": true,
      "detail": "all 6 events ran, |t_c|<0.1s"
    }
  ]
}