{
  "log_chirp_mass": -0.23643833121080648,
  "log_distance": -0.21319797531026508,
  "theta_jn": -0.49932030178719655,
  "cos_theta_jn": -1.0909140248023999,
  "amp_factor": -0.08308372952048915,
  "ra": -0.20876708641655228,
  "dec": -1.6063270413025101
}