{
  "log_chirp_mass (phase ref)": {
    "ridge_r2": 0.4878705473018181,
    "mlp_r2": 0.5112140398767983
  },
  "log_distance": {
    "ridge_r2": 0.24422861195494627,
    "mlp_r2": 0.09638346116352536
  },
  "theta_jn": {
    "ridge_r2": -0.3682557218412581,
    "mlp_r2": -0.3115871712069791
  },
  "cos_theta_jn": {
    "ridge_r2": -0.3513115662256163,
    "mlp_r2": -0.7877357112902472
  },
  "|amp factor| (1+cos^2)/2": {
    "ridge_r2": -0.47762656276875903,
    "mlp_r2": -0.36570051093170686
  },
  "ra": {
    "ridge_r2": -0.16451245133897752,
    "mlp_r2": -0.21504021606196821
  },
  "dec": {
    "ridge_r2": -0.34994136069435844,
    "mlp_r2": -0.8205477634919982
  },
  "psi": {
    "ridge_r2": -0.3632865528275424,
    "mlp_r2": -0.2800204597032341
  }
}