{
  "n": 820,
  "pit_mean": 0.5221699234536205,
  "cov50": 0.5207317073170732,
  "cov90": 0.9402439024390243,
  "median_mult_bias": 0.9330081641674042,
  "mean_median_bias_mpc": -141.07466114323313
}