{
  "train": {
    "luminosity_distance": {
      "name": "train_dL",
      "n": 76470,
      "q05": 173.73245239257812,
      "q50": 979.8068237304688,
      "q95": 1930.7037353515625,
      "min": 18.024242401123047,
      "max": 1999.893310546875
    },
    "chirp_mass": {
      "name": "train_mc",
      "n": 76470,
      "q05": 1.1035847663879395,
      "q50": 7.693209648132324,
      "q95": 39.95652389526367,
      "min": 0.8707315325737,
      "max": 84.5417251586914
    },
    "mass_ratio": {
      "name": "train_q",
      "n": 76470,
      "q05": 0.03620413318276405,
      "q50": 0.5528615713119507,
      "q95": 0.9874658584594727,
      "min": 0.011459141969680786,
      "max": 1.0
    },
    "network_snr": {
      "name": "train_snr",
      "n": 43200,
      "q05": 0.0,
      "q50": 10.380810940862201,
      "q95": 31.77961313806406,
      "min": 0.0,
      "max": 383.9699501194211
    }
  },
  "validation": {
    "luminosity_distance": {
      "name": "val_dL",
      "n": 9400,
      "q05": 173.78225708007812,
      "q50": 972.690185546875,
      "q95": 1923.45703125,
      "min": 25.770700454711914,
      "max": 1998.28125
    },
    "chirp_mass": {
      "name": "val_mc",
      "n": 9400,
      "q05": 1.1362361907958984,
      "q50": 7.722939968109131,
      "q95": 40.91972732543945,
      "min": 0.8708528280258179,
      "max": 80.96762084960938
    },
    "mass_ratio": {
      "name": "val_q",
      "n": 9400,
      "q05": 0.032925888895988464,
      "q50": 0.5202463865280151,
      "q95": 0.9876999258995056,
      "min": 0.011035232804715633,
      "max": 1.0
    },
    "network_snr": {
      "name": "val_snr",
      "n": 5400,
      "q05": 0.0,
      "q50": 10.722330756470534,
      "q95": 32.15905316658784,
      "min": 0.0,
      "max": 114.91823967941052
    }
  },
  "gwtc": {
    "luminosity_distance": {
      "name": "gwtc_dL",
      "n": 282,
      "q05": 405.25,
      "q50": 2100.0,
      "q95": 5794.999999999999,
      "min": 40.0,
      "max": 8280.0
    },
    "chirp_mass": {
      "name": "gwtc_mc",
      "n": 282,
      "q05": 7.0634999999999994,
      "q50": 24.8,
      "q95": 45.095,
      "min": 1.186,
      "max": 101.0
    },
    "mass_ratio": {
      "name": "gwtc_q",
      "n": 282,
      "q05": 0.3268607254814152,
      "q50": 0.6834219858156028,
      "q95": 0.8086918188632957,
      "min": 0.037620578778135044,
      "max": 0.9555687203791469
    },
    "network_snr": {
      "name": "gwtc_snr",
      "n": 391,
      "q05": 7.85,
      "q50": 10.2,
      "q95": 21.5,
      "min": 4.5,
      "max": 78.6
    }
  }
}