{
  "param_names": [
    "mass_1",
    "mass_2",
    "luminosity_distance",
    "ra",
    "dec",
    "theta_jn",
    "psi",
    "phase",
    "geocent_time",
    "a1",
    "a2"
  ],
  "trigger_gps": 1126259462.4,
  "truth": {
    "mass_1": 38.8,
    "mass_2": 33.4,
    "luminosity_distance": 440.0
  },
  "summary": {
    "n_samples": 10000,
    "trigger_gps": 1126259462.4,
    "parameters": [
      {
        "param": "mass_1",
        "median": 30.49295711517334,
        "mean": 37.30344557133913,
        "map": 31.77804946899414,
        "std": 27.946543029805124,
        "ci50%": [
          13.54093623161316,
          57.63397407531738
        ],
        "ci68%": [
          6.9139621353149385,
          71.1173324584961
        ],
        "ci90%": [
          1.786921316385269,
          90.25973854064941
        ],
        "ci95%": [
          1.4112658947706225,
          94.60925636291503
        ],
        "truth": 38.8,
        "truth_in_90": true
      },
      {
        "param": "mass_2",
        "median": 10.866604804992676,
        "mean": 15.897053294086456,
        "map": 30.002391815185547,
        "std": 15.600996357558785,
        "ci50%": [
          2.3472989201545715,
          25.450745582580566
        ],
        "ci68%": [
          1.7587059545516968,
          30.199837951660157
        ],
        "ci90%": [
          1.174548077583313,
          45.90823688507079
        ],
        "ci95%": [
          1.0704607486724853,
          58.47953777313231
        ],
        "truth": 33.4,
        "truth_in_90": true
      },
      {
        "param": "luminosity_distance",
        "median": 399.644287109375,
        "mean": 502.2604209526062,
        "map": 725.5557861328125,
        "std": 396.4858886343224,
        "ci50%": [
          181.61129760742188,
          769.3287200927734
        ],
        "ci68%": [
          117.54820373535156,
          905.9899975585939
        ],
        "ci90%": [
          49.26363506317138,
          1230.2890747070312
        ],
        "ci95%": [
          40.47455530166626,
          1458.9491271972654
        ],
        "truth": 440.0,
        "truth_in_90": true
      },
      {
        "param": "ra",
        "median": 1.4452853798866272,
        "mean": 2.84217385336356,
        "map": 0.023328417912125587,
        "std": 2.591799105828293,
        "ci50%": [
          0.33486419916152954,
          5.882775187492371
        ],
        "ci68%": [
          0.13337937355041501,
          6.063649959564209
        ],
        "ci90%": [
          0.005591839365661143,
          6.210554933547973
        ],
        "ci95%": [
          0.0032298283302225213,
          6.24536247253418
        ]
      },
      {
        "param": "dec",
        "median": -0.3184903860092163,
        "mean": -0.3423874121308327,
        "map": -0.00718998908996582,
        "std": 0.5201691386712668,
        "ci50%": [
          -0.7577791064977646,
          0.008633404970169067
        ],
        "ci68%": [
          -0.9273408031463624,
          0.14967362403869633
        ],
        "ci90%": [
          -1.183566790819168,
          0.4490509986877433
        ],
        "ci95%": [
          -1.2848780781030653,
          0.6244760155677788
        ]
      },
      {
        "param": "theta_jn",
        "median": 1.3151916861534119,
        "mean": 1.3502810275462613,
        "map": 0.003912568558007479,
        "std": 0.8390330512899373,
        "ci50%": [
          0.6781436651945114,
          2.063931465148926
        ],
        "ci68%": [
          0.406307771205902,
          2.306404962539674
        ],
        "ci90%": [
          0.0,
          2.687206959724426
        ],
        "ci95%": [
          0.0,
          2.814070916175842
        ]
      },
      {
        "param": "psi",
        "median": 1.60429048538208,
        "mean": 1.5923805628211973,
        "map": 0.0011419656220823526,
        "std": 0.9952220713205908,
        "ci50%": [
          0.7166101634502411,
          2.490325689315796
        ],
        "ci68%": [
          0.3639231967926025,
          2.7649866485595704
        ],
        "ci90%": [
          0.016840223595499953,
          3.120943236351013
        ],
        "ci95%": [
          0.001052013691514731,
          3.1403363406658173
        ]
      },
      {
        "param": "phase",
        "median": 3.080603241920471,
        "mean": 3.1122066722239747,
        "map": 0.006574283819645643,
        "std": 1.9860814148114618,
        "ci50%": [
          1.3549692928791046,
          4.8821961879730225
        ],
        "ci68%": [
          0.7592222452163696,
          5.512102451324464
        ],
        "ci90%": [
          0.0899112358689308,
          6.277585029602051
        ],
        "ci95%": [
          0.0038301536405924833,
          6.2812748670578005
        ]
      },
      {
        "param": "geocent_time",
        "median": 0.06559771299362183,
        "mean": 0.07200267854332924,
        "map": 0.32172513008117676,
        "std": 0.5922330786928502,
        "ci50%": [
          -0.26819106936454773,
          0.4556208848953247
        ],
        "ci68%": [
          -0.493720932006836,
          0.659133706092835
        ],
        "ci90%": [
          -1.0179917812347414,
          1.0597063183784483
        ],
        "ci95%": [
          -1.2368789881467819,
          1.2172002792358398
        ]
      },
      {
        "param": "a1",
        "median": 0.41447913646698,
        "mean": 0.4238060188382864,
        "map": 0.005345672369003296,
        "std": 0.32791926284624573,
        "ci50%": [
          0.06123360991477966,
          0.7228925675153732
        ],
        "ci68%": [
          0.025113251209259023,
          0.8187613153457644
        ],
        "ci90%": [
          7.922500371932964e-05,
          0.9398760378360749
        ],
        "ci95%": [
          0.0,
          0.9655529737472535
        ]
      },
      {
        "param": "a2",
        "median": 0.20440523326396942,
        "mean": 0.32111860057115554,
        "map": 0.0013099908828735352,
        "std": 0.3220164510078847,
        "ci50%": [
          0.029468752443790436,
          0.597936138510704
        ],
        "ci68%": [
          0.012868828773498531,
          0.7434553360939028
        ],
        "ci90%": [
          0.0,
          0.91029334962368
        ],
        "ci95%": [
          0.0,
          0.9457572534680366
        ]
      }
    ],
    "diagnostics": {
      "runtime": {
        "preprocess_s": 0.055,
        "gwosc_fetch_s": null,
        "encode_s": 2.363,
        "sampling_s": 9.345,
        "total_s": 12.116
      },
      "memory": {
        "rss_mb": 534.3,
        "mps_allocated_mb": 53.4
      },
      "n_effective": 10000,
      "boundary_railing_frac": 0.1369,
      "log_prob": {
        "median": -20.500887870788574,
        "max": 34.22637939453125
      },
      "ood_flags": [
        "V1: no data \u2014 filled with unit white noise (posterior uses remaining detectors only)",
        "13.7% of samples rail at the parameter bounds \u2014 the event may lie outside the training prior (out-of-distribution)"
      ],
      "context_ood": {
        "mahalanobis": 11.35,
        "percentile_vs_validation": 99.4
      },
      "verdict": {
        "confidence": "MEDIUM",
        "reasons": [
          "context in the top 0.6% distance tail"
        ]
      },
      "refinement": {
        "refine": true,
        "refine_global": true,
        "untrusted_params": [
          "mass_1",
          "mass_2"
        ],
        "strong_indicators": [
          "chirp-mass posterior uninformative (90% width 311% of median)"
        ],
        "moderate_indicators": [
          "confidence MEDIUM",
          "context in top 0.6% OOD tail",
          "V1: no data \u2014 filled with unit white noise (posterior uses remaining detectors only)",
          "14% boundary railing"
        ],