{
  "param_names": [
    "mass_1",
    "mass_2",
    "luminosity_distance",
    "ra",
    "dec",
    "theta_jn",
    "psi",
    "phase",
    "geocent_time",
    "a1",
    "a2"
  ],
  "trigger_gps": 1126259462.4,
  "truth": {
    "mass_1": 38.8,
    "mass_2": 33.4,
    "luminosity_distance": 440.0
  },
  "summary": {
    "n_samples": 10000,
    "trigger_gps": 1126259462.4,
    "parameters": [
      {
        "param": "mass_1",
        "median": 65.85020446777344,
        "mean": 68.01009189230204,
        "map": 29.732587814331055,
        "std": 14.770783578579024,
        "ci50%": [
          56.91754913330078,
          79.54356002807617
        ],
        "ci68%": [
          53.68447387695312,
          84.65142517089845
        ],
        "ci90%": [
          48.30355091094971,
          92.70336761474609
        ],
        "ci95%": [
          45.71604204177857,
          95.40054378509521
        ],
        "truth": 38.8,
        "truth_in_90": false
      },
      {
        "param": "mass_2",
        "median": 38.26689910888672,
        "mean": 38.33217344437838,
        "map": 29.580610275268555,
        "std": 10.513610614836425,
        "ci50%": [
          31.34289264678955,
          45.26710510253906
        ],
        "ci68%": [
          28.445943908691405,
          48.34519653320313
        ],
        "ci90%": [
          22.72153615951538,
          54.24139728546141
        ],
        "ci95%": [
          20.194935417175294,
          57.03870048522949
        ],
        "truth": 33.4,
        "truth_in_90": true
      },
      {
        "param": "luminosity_distance",
        "median": 1529.0701904296875,
        "mean": 1488.8076457328796,
        "map": 941.4580688476562,
        "std": 349.397209400361,
        "ci50%": [
          1272.3223266601562,
          1740.8218383789062
        ],
        "ci68%": [
          1139.756845703125,
          1838.6410595703128
        ],
        "ci90%": [
          870.5029388427733,
          1993.7773010253907
        ],
        "ci95%": [
          756.4185607910157,
          2041.4928131103516
        ],
        "truth": 440.0,
        "truth_in_90": false
      },
      {
        "param": "ra",
        "median": 3.8805915117263794,
        "mean": 3.1556871868424814,
        "map": 0.03596203774213791,
        "std": 1.746738361114306,
        "ci50%": [
          1.359305053949356,
          4.675438284873962
        ],
        "ci68%": [
          1.106406798362732,
          4.8851320266723635
        ],
        "ci90%": [
          0.6194929212331771,
          5.432741165161133
        ],
        "ci95%": [
          0.36485345810651854,
          5.7285287261009215
        ]
      },
      {
        "param": "dec",
        "median": 0.0962797999382019,
        "mean": 0.12279578442573548,
        "map": 0.01646244525909424,
        "std": 0.8325532760064002,
        "ci50%": [
          -0.5993942618370056,
          0.8708198070526123
        ],
        "ci68%": [
          -0.815196418762207,
          1.0402419137954713
        ],
        "ci90%": [
          -1.1746409356594085,
          1.3364199876785274
        ],
        "ci95%": [
          -1.2445536643266677,
          1.4129543542861935
        ]
      },
      {
        "param": "theta_jn",
        "median": 1.3824728727340698,
        "mean": 1.572979322415823,
        "map": 0.005806450732052326,
        "std": 0.7471715178229115,
        "ci50%": [
          0.9517963975667953,
          2.314047932624817
        ],
        "ci68%": [
          0.8134560012817381,
          2.4542909908294686
        ],
        "ci90%": [
          0.5114969879388809,
          2.6700297236442565
        ],
        "ci95%": [
          0.3533534079790117,
          2.7515513956546784
        ]
      },
      {
        "param": "psi",
        "median": 1.6726915836334229,
        "mean": 1.61576425352082,
        "map": 0.00402885302901268,
        "std": 0.890737706450712,
        "ci50%": [
          0.8880646228790283,
          2.381885051727295
        ],
        "ci68%": [
          0.5936696815490722,
          2.6566867446899427
        ],
        "ci90%": [
          0.15663583725690836,
          2.9586993932723997
        ],
        "ci95%": [
          0.07707285471260555,
          3.049267429113388
        ]
      },
      {
        "param": "phase",
        "median": 4.131897687911987,
        "mean": 3.8374986945148075,
        "map": 0.017101677134633064,
        "std": 1.859216211268487,
        "ci50%": [
          2.395922899246216,
          5.542494773864746
        ],
        "ci68%": [
          1.6056202983856198,
          5.789961280822755
        ],
        "ci90%": [
          0.363113796710968,
          6.146413230895996
        ],
        "ci95%": [
          0.14124698191881194,
          6.218507027626037
        ]
      },
      {
        "param": "geocent_time",
        "median": 0.028953373432159424,
        "mean": 0.023385964900255202,
        "map": 0.038504838943481445,
        "std": 0.10388905498640591,
        "ci50%": [
          0.01285603642463684,
          0.03916868567466736
        ],
        "ci68%": [
          0.008253755569458008,
          0.04290524482727051
        ],
        "ci90%": [
          0.000530135631561279,
          0.051507735252380366
        ],
        "ci95%": [
          -0.004446363449096675,
          0.057596030831336964
        ]
      },
      {
        "param": "a1",
        "median": 0.6226410865783691,
        "mean": 0.5980634653508663,
        "map": 0.002041846513748169,
        "std": 0.21905970352619672,
        "ci50%": [
          0.4568919390439987,
          0.7555029690265656
        ],
        "ci68%": [
          0.38252128005027763,
          0.815567126274109
        ],
        "ci90%": [
          0.18277277946472165,
          0.9330347269773483
        ],
        "ci95%": [
          0.084299273788929,
          0.9524484649300575
        ]
      },
      {
        "param": "a2",
        "median": 0.5371136367321014,
        "mean": 0.5263457175433636,
        "map": 0.0043897926807403564,
        "std": 0.261075900444784,
        "ci50%": [
          0.32442557066679,
          0.7316262722015381
        ],
        "ci68%": [
          0.23539604425430297,
          0.7992342376708985
        ],
        "ci90%": [
          0.07011341899633405,
          0.9524386167526244
        ],
        "ci95%": [
          0.037683097273111345,
          0.9714774116873741
        ]
      }
    ],
    "diagnostics": {
      "runtime": {
        "preprocess_s": 0.076,
        "gwosc_fetch_s": null,
        "encode_s": 0.201,
        "sampling_s": 4.38,
        "total_s": 4.739
      },
      "memory": {
        "rss_mb": 728.6,
        "mps_allocated_mb": 33.1
      },
      "n_effective": 10000,
      "boundary_railing_frac": 0.0299,
      "log_prob": {
        "median": -14.723618507385254,
        "max": 17.68429946899414
      },
      "ood_flags": [
        "V1: no data \u2014 filled with unit white noise (posterior uses remaining detectors only)"
      ],
      "context_ood": {
        "mahalanobis": 15.17,
        "percentile_vs_validation": 96.9
      },
      "verdict": {
        "confidence": "HIGH",
        "reasons": [
          "V1: no data \u2014 filled with unit white noise (posterior uses remaining detectors only)"
        ]
      }
    }
  },