{
  "param_names": [
    "mass_1",
    "mass_2",
    "luminosity_distance",
    "ra",
    "dec",
    "theta_jn",
    "psi",
    "phase",
    "geocent_time",
    "a1",
    "a2"
  ],
  "trigger_gps": 1167559936.6,
  "truth": {
    "mass_1": 37.3,
    "mass_2": 24.2,
    "luminosity_distance": 990.0
  },
  "summary": {
    "n_samples": 10000,
    "trigger_gps": 1167559936.6,
    "parameters": [
      {
        "param": "mass_1",
        "median": 16.088905334472656,
        "mean": 25.251133016288282,
        "map": 1.0396267175674438,
        "std": 24.951030850172195,
        "ci50%": [
          6.414295673370361,
          36.501394271850586
        ],
        "ci68%": [
          2.3397023487091055,
          51.2017797851563
        ],
        "ci90%": [
          1.4309557318687438,
          81.10036048889154
        ],
        "ci95%": [
          1.2332087606191637,
          90.59207897186276
        ],
        "truth": 37.3,
        "truth_in_90": true
      },
      {
        "param": "mass_2",
        "median": 6.143710136413574,
        "mean": 8.635395481097698,
        "map": 1.0211735963821411,
        "std": 9.535893285196188,
        "ci50%": [
          1.8135826885700226,
          10.912871837615967
        ],
        "ci68%": [
          1.4268622207641595,
          14.717317199707036
        ],
        "ci90%": [
          1.0803749680519104,
          27.519083404541014
        ],
        "ci95%": [
          1.0291557252407073,
          34.90422906875609
        ],
        "truth": 24.2,
        "truth_in_90": true
      },
      {
        "param": "luminosity_distance",
        "median": 697.562744140625,
        "mean": 813.1859065956115,
        "map": 56.93043518066406,
        "std": 562.9502291146722,
        "ci50%": [
          312.51629638671875,
          1234.0036010742188
        ],
        "ci68%": [
          212.63038513183594,
          1471.7889892578125
        ],
        "ci90%": [
          114.40396728515623,
          1877.4027770996092
        ],
        "ci95%": [
          80.34817867279054,
          1974.2138549804686
        ],
        "truth": 990.0,
        "truth_in_90": true
      },
      {
        "param": "ra",
        "median": 3.287452220916748,
        "mean": 3.2030081861442334,
        "map": 4.221279144287109,
        "std": 1.5846905283743342,
        "ci50%": [
          2.128115952014923,
          4.421863675117493
        ],
        "ci68%": [
          1.3723749160766598,
          4.88151155471802
        ],
        "ci90%": [
          0.34872444421052934,
          5.6952783107757545
        ],
        "ci95%": [
          0.1584017075598241,
          6.030428266525268
        ]
      },
      {
        "param": "dec",
        "median": 0.1184852123260498,
        "mean": 0.15307885113954545,
        "map": -0.45546436309814453,
        "std": 0.689270526711964,
        "ci50%": [
          -0.38469356298446655,
          0.7174777984619141
        ],
        "ci68%": [
          -0.5725834274291992,
          0.9417272901535036
        ],
        "ci90%": [
          -0.9483403742313385,
          1.2582797169685356
        ],
        "ci95%": [
          -1.1074494898319245,
          1.3671808898448943
        ]
      },
      {
        "param": "theta_jn",
        "median": 1.5716097354888916,
        "mean": 1.55901202431157,
        "map": 1.7714390754699707,
        "std": 0.701690910892131,
        "ci50%": [
          1.0164858102798462,
          2.107484996318817
        ],
        "ci68%": [
          0.7960368824005126,
          2.321569681167603
        ],
        "ci90%": [
          0.4044527471065521,
          2.6853681325912473
        ],
        "ci95%": [
          0.25128926783800143,
          2.817849081754684
        ]
      },
      {
        "param": "psi",
        "median": 1.529617726802826,
        "mean": 1.5467464354686054,
        "map": 0.26286911964416504,
        "std": 0.9235815393792645,
        "ci50%": [
          0.7462844997644424,
          2.3557414412498474
        ],
        "ci68%": [
          0.46488383412361145,
          2.6447618198394784
        ],
        "ci90%": [
          0.1213336657732725,
          2.9965503096580504
        ],
        "ci95%": [
          0.05023219725117092,
          3.0708592772483825
        ]
      },
      {
        "param": "phase",
        "median": 3.053154468536377,
        "mean": 3.055251825711079,
        "map": 5.822537422180176,
        "std": 1.8551994709462896,
        "ci50%": [
          1.419957309961319,
          4.655102014541626
        ],
        "ci68%": [
          0.8755513477325434,
          5.275104637145996
        ],
        "ci90%": [
          0.2140955932438373,
          5.966434407234192
        ],
        "ci95%": [
          0.09739732854068282,
          6.121755862236022
        ]
      },
      {
        "param": "geocent_time",
        "median": -0.049579501152038574,
        "mean": -0.031174438321590423,
        "map": 0.48271191120147705,
        "std": 0.8515039230521197,
        "ci50%": [
          -0.7502980977296829,
          0.676798939704895
        ],
        "ci68%": [
          -1.0199017000198365,
          0.979003520011903
        ],
        "ci90%": [
          -1.3583574056625367,
          1.3392613649368283
        ],
        "ci95%": [
          -1.4435815155506133,
          1.4417407035827636
        ]
      },
      {
        "param": "a1",
        "median": 0.3699789345264435,
        "mean": 0.40417808767557145,
        "map": 0.014890730381011963,
        "std": 0.31948660448341215,
        "ci50%": [
          0.06519220769405365,
          0.6895293146371841
        ],
        "ci68%": [
          0.03355905175209045,
          0.7959946489334107
        ],
        "ci90%": [
          0.009200875461101531,
          0.9366819381713867
        ],
        "ci95%": [
          0.004111023992300036,
          0.967498829960823
        ]
      },
      {
        "param": "a2",
        "median": 0.2109319269657135,
        "mean": 0.32562831730544567,
        "map": 0.02520892024040222,
        "std": 0.3211065497189312,
        "ci50%": [
          0.03316415101289749,
          0.6010805666446686
        ],
        "ci68%": [
          0.021253063678741448,
          0.7431266164779665
        ],
        "ci90%": [
          0.0066104382276535026,
          0.9170030117034911
        ],
        "ci95%": [
          0.003332122415304187,
          0.9515961199998856
        ]
      }
    ],
    "diagnostics": {
      "runtime": {
        "preprocess_s": 0.057,
        "gwosc_fetch_s": null,
        "encode_s": 0.007,
        "sampling_s": 16.539,
        "total_s": 16.547
      },
      "memory": {
        "rss_mb": 1287.1,
        "mps_allocated_mb": 53.4
      },
      "n_effective": 10000,
      "boundary_railing_frac": 0.0454,
      "log_prob": {
        "median": -20.841879844665527,
        "max": 25.36861228942871
      },
      "ood_flags": [
        "V1: no data \u2014 filled with unit white noise (posterior uses remaining detectors only)"
      ],
      "context_ood": {
        "mahalanobis": 9.13,
        "percentile_vs_validation": 97.5
      },
      "verdict": {
        "confidence": "HIGH",
        "reasons": [
          "V1: no data \u2014 filled with unit white noise (posterior uses remaining detectors only)"
        ]
      },
      "refinement": {
        "refine": true,
        "refine_global": true,
        "untrusted_params": [
          "mass_1",
          "mass_2"
        ],
        "strong_indicators": [
          "chirp-mass posterior uninformative (90% width 399% of median)"
        ],
        "moderate_indicators": [
          "V1: no data \u2014 filled with unit white noise (posterior uses remaining detectors only)"
        ],
        "indicators": {
          "confidence": "HIGH",
          "ood_percentile": 97.5,
          "bias_region": {
            "q_in_attractor": true,