{
  "param_names": [
    "mass_1",
    "mass_2",
    "luminosity_distance",
    "ra",
    "dec",
    "theta_jn",
    "psi",
    "phase",
    "geocent_time",
    "a1",
    "a2"
  ],
  "trigger_gps": 1167559936.6,
  "truth": {
    "mass_1": 37.3,
    "mass_2": 24.2,
    "luminosity_distance": 990.0
  },
  "summary": {
    "n_samples": 10000,
    "trigger_gps": 1167559936.6,
    "parameters": [
      {
        "param": "mass_1",
        "median": 59.97470283508301,
        "mean": 62.9089342210412,
        "map": 28.408206939697266,
        "std": 18.47599634073256,
        "ci50%": [
          49.19863986968994,
          76.69458198547363
        ],
        "ci68%": [
          44.94806579589844,
          84.3493948364258
        ],
        "ci90%": [
          37.97158241271973,
          95.54025650024414
        ],
        "ci95%": [
          34.45983009338379,
          99.21404190063477
        ],
        "truth": 37.3,
        "truth_in_90": false
      },
      {
        "param": "mass_2",
        "median": 25.069756507873535,
        "mean": 26.419747718167304,
        "map": 28.321407318115234,
        "std": 11.397617968332993,
        "ci50%": [
          18.65676975250244,
          33.81005859375
        ],
        "ci68%": [
          15.639482917785644,
          37.904840545654295
        ],
        "ci90%": [
          10.671951818466185,
          44.94198551177977
        ],
        "ci95%": [
          7.132994186878208,
          49.467390823364255
        ],
        "truth": 24.2,
        "truth_in_90": true
      },
      {
        "param": "luminosity_distance",
        "median": 1571.5355224609375,
        "mean": 1515.6528253009797,
        "map": 1221.8505859375,
        "std": 376.0542101306971,
        "ci50%": [
          1285.6310424804688,
          1808.7779846191406
        ],
        "ci68%": [
          1135.3157470703125,
          1895.8835986328131
        ],
        "ci90%": [
          836.0861297607421,
          2009.6816955566405
        ],
        "ci95%": [
          678.6902435302735,
          2051.1501953125
        ],
        "truth": 990.0,
        "truth_in_90": true
      },
      {
        "param": "ra",
        "median": 3.46390438079834,
        "mean": 3.2634976821825084,
        "map": 0.03340677544474602,
        "std": 1.763012373300628,
        "ci50%": [
          1.7191804945468903,
          4.741847634315491
        ],
        "ci68%": [
          1.1384508132934568,
          5.25924352645874
        ],
        "ci90%": [
          0.3911129906773567,
          5.9580276727676384
        ],
        "ci95%": [
          0.2129493288695813,
          6.08710081577301
        ]
      },
      {
        "param": "dec",
        "median": -0.009386122226715088,
        "mean": 0.07096370205879211,
        "map": 0.9196435213088989,
        "std": 0.7663634182678796,
        "ci50%": [
          -0.5067273378372192,
          0.7254467606544495
        ],
        "ci68%": [
          -0.727663381099701,
          0.958003525733948
        ],
        "ci90%": [
          -1.1793887674808503,
          1.3113651514053344
        ],
        "ci95%": [
          -1.2545182019472123,
          1.385039609670639
        ]
      },
      {
        "param": "theta_jn",
        "median": 1.4799655079841614,
        "mean": 1.5416090748582996,
        "map": 0.7175273895263672,
        "std": 0.5973003458570941,
        "ci50%": [
          1.081460416316986,
          2.045099914073944
        ],
        "ci68%": [
          0.9519674158096313,
          2.219227161407471
        ],
        "ci90%": [
          0.6448119699954986,
          2.4811242818832397
        ],
        "ci95%": [
          0.4796208404004577,
          2.6095392167568194
        ]
      },
      {
        "param": "psi",
        "median": 1.8758158683776855,
        "mean": 1.7965228961500435,
        "map": 0.022119790315628052,
        "std": 0.8515367937046132,
        "ci50%": [
          1.1153892874717712,
          2.524970293045044
        ],
        "ci68%": [
          0.8286635851860046,
          2.7578794097900396
        ],
        "ci90%": [
          0.29602022469043726,
          3.0259454011917106
        ],
        "ci95%": [
          0.1589537043124438,
          3.082228606939316
        ]
      },
      {
        "param": "phase",
        "median": 3.396846652030945,
        "mean": 3.3079771952681427,
        "map": 2.3172147274017334,
        "std": 1.8689342739585024,
        "ci50%": [
          1.7320102155208588,
          5.029193639755249
        ],
        "ci68%": [
          1.129445204734802,
          5.546443614959717
        ],
        "ci90%": [
          0.26789617985486974,
          6.092521381378174
        ],
        "ci95%": [
          0.11939817331731323,
          6.2082194805145265
        ]
      },
      {
        "param": "geocent_time",
        "median": -0.0037090182304382324,
        "mean": -0.009644510906934738,
        "map": 0.022913694381713867,
        "std": 0.13720227221716555,
        "ci50%": [
          -0.0139693021774292,
          0.005430370569229126
        ],
        "ci68%": [
          -0.018537988662719728,
          0.009976634979248049
        ],
        "ci90%": [
          -0.02960600852966309,
          0.021019881963729822
        ],
        "ci95%": [
          -0.04269229173660275,
          0.030295547842979397
        ]
      },
      {
        "param": "a1",
        "median": 0.4770028591156006,
        "mean": 0.4781468454450369,
        "map": 0.002594083547592163,
        "std": 0.273698974374295,
        "ci50%": [
          0.26664136350154877,
          0.7078336179256439
        ],
        "ci68%": [
          0.14979274868965148,
          0.7868236565589907
        ],
        "ci90%": [
          0.04486663043498992,
          0.9231148600578306
        ],
        "ci95%": [
          0.01437465995550163,
          0.9525593519210815
        ]
      },
      {
        "param": "a2",
        "median": 0.3856378495693207,
        "mean": 0.42286825186014176,
        "map": 0.013806730508804321,
        "std": 0.2769092264296454,
        "ci50%": [
          0.19145971536636353,
          0.6348292231559753
        ],
        "ci68%": [
          0.11330344676971434,
          0.7441771507263188
        ],
        "ci90%": [
          0.027350783348083493,
          0.9248383790254593
        ],
        "ci95%": [
          0.01177901923656467,
          0.9614800050854683
        ]
      }
    ],
    "diagnostics": {
      "runtime": {
        "preprocess_s": 0.075,
        "gwosc_fetch_s": null,
        "encode_s": 0.008,
        "sampling_s": 3.63,
        "total_s": 3.639
      },
      "memory": {
        "rss_mb": 1411.2,
        "mps_allocated_mb": 33.1
      },
      "n_effective": 10000,
      "boundary_railing_frac": 0.0316,
      "log_prob": {
        "median": -16.36215591430664,
        "max": -4.405607223510742
      },
      "ood_flags": [
        "V1: no data \u2014 filled with unit white noise (posterior uses remaining detectors only)"
      ],
      "context_ood": {
        "mahalanobis": 12.47,
        "percentile_vs_validation": 88.6
      },
      "verdict": {
        "confidence": "HIGH",
        "reasons": [
          "V1: no data \u2014 filled with unit white noise (posterior uses remaining detectors only)"
        ]
      }
    }
  },