{
  "meta": {
    "model": "model/lean_npe_v2/best_model.pth",
    "epoch": 29,
    "val_nll": 0.6907197057798102,
    "device": "mps",
    "timestamp": "2026-07-07 20:26:25",
    "wall_s": 148.77241611480713
  },
  "gaussian": {
    "n_events": 512,
    "n_post": 300,
    "nll": -0.24199986457824707,
    "shuffle_delta_nll": 8.710402488708496,
    "dist_corr": 0.6702381084297161,
    "coverage": {
      "mass_1": {
        "50": 0.568359375,
        "68": 0.6953125,
        "90": 0.884765625,
        "95": 0.94921875
      },
      "mass_2": {
        "50": 0.48046875,
        "68": 0.6640625,
        "90": 0.880859375,
        "95": 0.931640625
      },
      "luminosity_distance": {
        "50": 0.46484375,
        "68": 0.64453125,
        "90": 0.921875,
        "95": 0.98046875
      },
      "ra": {
        "50": 0.458984375,
        "68": 0.671875,
        "90": 0.90625,
        "95": 0.96484375
      },
      "dec": {
        "50": 0.494140625,
        "68": 0.654296875,
        "90": 0.837890625,
        "95": 0.90625
      },
      "theta_jn": {
        "50": 0.423828125,
        "68": 0.619140625,
        "90": 0.884765625,
        "95": 0.9375
      },
      "psi": {
        "50": 0.560546875,
        "68": 0.736328125,
        "90": 0.923828125,
        "95": 0.955078125
      },
      "phase": {
        "50": 0.498046875,
        "68": 0.66796875,
        "90": 0.86328125,
        "95": 0.927734375
      },
      "geocent_time": {
        "50": 0.47265625,
        "68": 0.6640625,
        "90": 0.8828125,
        "95": 0.947265625
      },
      "a1": {
        "50": 0.529296875,
        "68": 0.68359375,
        "90": 0.900390625,
        "95": 0.97265625
      },
      "a2": {
        "50": 0.505859375,
        "68": 0.6875,
        "90": 0.89453125,
        "95": 0.9453125
      }
    },
    "sbc_ks_p": {
      "mass_1": 0.24534533994580032,
      "mass_2": 0.144681558346184,
      "luminosity_distance": 0.0009588477484420541,
      "ra": 0.12341885777845729,
      "dec": 0.0001282957665695165,
      "theta_jn": 0.03927998519357301,
      "psi": 0.01821096890927176,
      "phase": 1.724891126764218e-05,
      "geocent_time": 0.6515457131730811,
      "a1": 0.005776859351604587,
      "a2": 0.0007633828141259763
    },
    "railing_frac": 0.07517578125
  },
  "real": {
    "n_events": 512,
    "n_post": 300,
    "nll": 2.5432701110839844,
    "shuffle_delta_nll": 6.853483200073242,
    "dist_corr": 0.37730624451409045,
    "coverage": {
      "mass_1": {
        "50": 0.419921875,
        "68": 0.603515625,
        "90": 0.845703125,
        "95": 0.919921875
      },
      "mass_2": {
        "50": 0.42578125,
        "68": 0.599609375,
        "90": 0.828125,
        "95": 0.8984375
      },
      "luminosity_distance": {
        "50": 0.3828125,
        "68": 0.5390625,
        "90": 0.8203125,
        "95": 0.8984375
      },
      "ra": {
        "50": 0.513671875,
        "68": 0.677734375,
        "90": 0.87109375,
        "95": 0.921875
      },
      "dec": {
        "50": 0.4765625,
        "68": 0.603515625,
        "90": 0.791015625,
        "95": 0.8515625
      },
      "theta_jn": {
        "50": 0.384765625,
        "68": 0.568359375,
        "90": 0.828125,
        "95": 0.900390625
      },
      "psi": {
        "50": 0.548828125,
        "68": 0.73046875,
        "90": 0.923828125,
        "95": 0.951171875
      },
      "phase": {
        "50": 0.47265625,
        "68": 0.6328125,
        "90": 0.857421875,
        "95": 0.919921875
      },
      "geocent_time": {
        "50": 0.42578125,
        "68": 0.61328125,
        "90": 0.869140625,
        "95": 0.9296875
      },
      "a1": {
        "50": 0.451171875,
        "68": 0.623046875,
        "90": 0.853515625,
        "95": 0.931640625
      },
      "a2": {
        "50": 0.43359375,
        "68": 0.62890625,
        "90": 0.86328125,
        "95": 0.91015625
      }
    },
    "sbc_ks_p": {
      "mass_1": 0.0003273860948819961,
      "mass_2": 3.0491714387299716e-05,
      "luminosity_distance": 5.5188193492764265e-05,
      "ra": 0.3151972167015148,
      "dec": 2.3432697415680696e-05,
      "theta_jn": 0.0010465182745948629,
      "psi": 0.05499010794934012,
      "phase": 4.884283102596885e-08,
      "geocent_time": 4.016070755220577e-07,
      "a1": 0.00014156605463949907,
      "a2": 0.052601424827065424
    },
    "railing_frac": 0.07348958333333333
  },
  "gw150914": {
    "median m1 (published 38.8)": "65.5",
    "median m2 (published 33.4)": "30.1",
    "median dL (published 440)": "1505",
    "merger GPS offset from trigger": "+0.0189 s",
    "railing": "4.03%",
    "confidence": "HIGH",
    "flags": "V1: no data \u2014 filled with unit white noise (posterior uses remaining detectors only)",
    "runtime": "9.373s"
  },
  "gates": [
    {
      "gate": "gaussian shuffle \u0394NLL > 5 nats",
      "pass": true,
      "detail": "8.71"
    },
    {
      "gate": "gaussian 50% coverage within \u00b10.07 (\u22642 exceptions)",
      "pass": true,
      "detail": "violations: ['theta_jn']"
    },
    {
      "gate": "gaussian 90% coverage within \u00b10.05 (\u22642 exceptions)",
      "pass": true,
      "detail": "violations: ['dec']"
    },
    {
      "gate": "gaussian SBC KS p>1e-3 for \u22659/11 params",
      "pass": false,
      "detail": "7/11"
    },
    {
      "gate": "gaussian boundary railing < 5%",
      "pass": false,
      "detail": "7.52%"
    },
    {
      "gate": "distance correlation > 0.5",
      "pass": true,
      "detail": "0.670"
    },
    {
      "gate": "real-noise shuffle \u0394NLL > 5 nats",
      "pass": true,
      "detail": "6.85"
    },
    {
      "gate": "real-noise 90% coverage within \u00b10.07 (\u22642 exceptions)",
      "pass": false,
      "detail": "violations: ['mass_2', 'luminosity_distance', 'dec', 'theta_jn']"
    },
    {
      "gate": "real vs gaussian NLL gap < 3 nats",
      "pass": true,
      "detail": "gaussian -0.24 vs real 2.54"
    },
    {
      "gate": "GW150914 pipeline run succeeds",
      "pass": true,
      "detail": "t_c offset +0.019s (gate: |offset|<0.1s)"
    }
  ]
}