{
  "param_names": [
    "mass_1",
    "mass_2",
    "luminosity_distance",
    "ra",
    "dec",
    "theta_jn",
    "psi",
    "phase",
    "geocent_time",
    "a1",
    "a2"
  ],
  "trigger_gps": 1186741861.5,
  "truth": {
    "mass_1": 34.3,
    "mass_2": 28.2,
    "luminosity_distance": 580.0
  },
  "summary": {
    "n_samples": 10000,
    "trigger_gps": 1186741861.5,
    "parameters": [
      {
        "param": "mass_1",
        "median": 51.194305419921875,
        "mean": 54.3183334587574,
        "map": 29.97414207458496,
        "std": 17.882222374599696,
        "ci50%": [
          42.00861740112305,
          63.94113063812256
        ],
        "ci68%": [
          37.90568725585937,
          73.28712707519531
        ],
        "ci90%": [
          30.010723209381105,
          89.91322021484373
        ],
        "ci95%": [
          29.97517442703247,
          95.2193468093872
        ],
        "truth": 34.3,
        "truth_in_90": true
      },
      {
        "param": "mass_2",
        "median": 25.3173828125,
        "mean": 25.701564633381366,
        "map": 29.583332061767578,
        "std": 8.680918110134584,
        "ci50%": [
          20.00757360458374,
          30.2276349067688
        ],
        "ci68%": [
          17.855513458251952,
          33.64845825195312
        ],
        "ci90%": [
          13.568884944915771,
          39.21746253967285
        ],
        "ci95%": [
          10.71381709575654,
          41.73675498962402
        ],
        "truth": 28.2,
        "truth_in_90": true
      },
      {
        "param": "luminosity_distance",
        "median": 1529.0855712890625,
        "mean": 1502.4566220264435,
        "map": 1538.1358642578125,
        "std": 350.50959303474207,
        "ci50%": [
          1306.51318359375,
          1763.5624084472656
        ],
        "ci68%": [
          1159.200341796875,
          1861.335048828125
        ],
        "ci90%": [
          867.8739440917968,
          1984.438751220703
        ],
        "ci95%": [
          730.5056533813481,
          2028.5645172119139
        ],
        "truth": 580.0,
        "truth_in_90": false
      },
      {
        "param": "ra",
        "median": 3.449408769607544,
        "mean": 3.5532418547223306,
        "map": 0.004368250258266926,
        "std": 2.03413872832619,
        "ci50%": [
          2.309054672718048,
          5.589096188545227
        ],
        "ci68%": [
          0.8203847455978389,
          5.906704654693604
        ],
        "ci90%": [
          0.0022081496543250967,
          6.1763495922088625
        ],
        "ci95%": [
          0.0009983234223909685,
          6.244584631919861
        ]
      },
      {
        "param": "dec",
        "median": 4.5299530029296875e-06,
        "mean": 0.05751809760332108,
        "map": 0.002041459083557129,
        "std": 0.545837679737302,
        "ci50%": [
          -0.3012511134147644,
          0.4514065980911255
        ],
        "ci68%": [
          -0.44297982692718507,
          0.6397720003128056
        ],
        "ci90%": [
          -0.8296532511711121,
          0.9621535301208496
        ],
        "ci95%": [
          -1.0789430916309355,
          1.1836030244827267
        ]
      },
      {
        "param": "theta_jn",
        "median": 1.2506436109542847,
        "mean": 1.3579221239081076,
        "map": 0.0071536460891366005,
        "std": 0.7647396572605553,
        "ci50%": [
          0.8422406017780304,
          2.029797911643982
        ],
        "ci68%": [
          0.6302779746055601,
          2.2539141082763674
        ],
        "ci90%": [
          0.0,
          2.5427820563316343
        ],
        "ci95%": [
          0.0,
          2.6794329941272736
        ]
      },
      {
        "param": "psi",
        "median": 1.952231228351593,
        "mean": 1.8041885567319922,
        "map": 0.012112493626773357,
        "std": 0.950036262998606,
        "ci50%": [
          1.072003811597824,
          2.6325382590293884
        ],
        "ci68%": [
          0.6709382700920105,
          2.832212657928467
        ],
        "ci90%": [
          0.000438763093552552,
          3.074696862697601
        ],
        "ci95%": [
          0.00018920563052233786,
          3.122463899850845
        ]
      },
      {
        "param": "phase",
        "median": 2.9034504890441895,
        "mean": 2.998062221318918,
        "map": 0.0023219436407089233,
        "std": 1.9687028000932059,
        "ci50%": [
          1.314560353755951,
          4.7284640073776245
        ],
        "ci68%": [
          0.7394489479064942,
          5.434392127990724
        ],
        "ci90%": [
          0.0011399900657124813,
          6.153382205963134
        ],
        "ci95%": [
          0.0004594499259837909,
          6.2687611222267146
        ]
      },
      {
        "param": "geocent_time",
        "median": 0.03593045473098755,
        "mean": 0.030361840575933455,
        "map": 0.047496795654296875,
        "std": 0.1266332385557578,
        "ci50%": [
          0.023944765329360962,
          0.04491692781448364
        ],
        "ci68%": [
          0.018737068176269526,
          0.04959589004516601
        ],
        "ci90%": [
          0.007467478513717651,
          0.062324804067611685
        ],
        "ci95%": [
          -0.0026214629411697096,
          0.07544631361961344
        ]
      },
      {
        "param": "a1",
        "median": 0.42553427815437317,
        "mean": 0.4316101938307285,
        "map": 0.0006315708160400391,
        "std": 0.2816977401861174,
        "ci50%": [
          0.20027439296245575,
          0.6535657644271851
        ],
        "ci68%": [
          0.0848116910457611,
          0.7533913803100586
        ],
        "ci90%": [
          0.0,
          0.8991239786148069
        ],
        "ci95%": [
          0.0,
          0.9421763196587561
        ]
      },
      {
        "param": "a2",
        "median": 0.3320786654949188,
        "mean": 0.37568863733708857,
        "map": 0.002687007188796997,
        "std": 0.28615218060286696,
        "ci50%": [
          0.12482969462871552,
          0.5877328217029572
        ],
        "ci68%": [
          0.05329306125640869,
          0.7083199787139894
        ],
        "ci90%": [
          0.000342099368572235,
          0.9090543150901791
        ],
        "ci95%": [
          0.000224495679140091,
          0.9599413812160492
        ]
      }
    ],
    "diagnostics": {
      "runtime": {
        "preprocess_s": 0.053,
        "gwosc_fetch_s": null,
        "encode_s": 0.007,
        "sampling_s": 6.699,
        "total_s": 6.706
      },
      "memory": {
        "rss_mb": 1411.2,
        "mps_allocated_mb": 33.1
      },
      "n_effective": 10000,
      "boundary_railing_frac": 0.1074,
      "log_prob": {
        "median": -15.82623291015625,
        "max": 49.39185333251953
      },
      "ood_flags": [
        "10.7% of samples rail at the parameter bounds \u2014 the event may lie outside the training prior (out-of-distribution)"
      ],
      "context_ood": {
        "mahalanobis": 9.72,
        "percentile_vs_validation": 70.2
      },
      "verdict": {
        "confidence": "MEDIUM",
        "reasons": [
          "11% boundary railing"
        ]
      }
    }
  },