{
  "n_events": 2500,
  "pca_explained_variance_ratio": [
    0.1987217515707016,
    0.14678998291492462,
    0.14576637744903564,
    0.1126146987080574,
    0.1017802357673645,
    0.08456289768218994,
    0.04944169893860817,
    0.039644382894039154,
    0.024737011641263962,
    0.02081640623509884
  ],
  "pca_component_correlations": {
    "log_distance": [
      -0.3698780834674835,
      -0.05112513154745102,
      -0.10960197448730469,
      0.0038023069500923157,
      -0.15898269414901733,
      0.17414778470993042,
      -0.13122496008872986,
      0.3055458068847656,
      -0.010919321328401566,
      0.021587753668427467
    ],
    "log_chirp_mass": [
      -0.68394935131073,
      -0.09297069907188416,
      -0.1446133702993393,
      0.00647004134953022,
      -0.14822131395339966,
      0.02935981936752796,
      -0.019889120012521744,
      0.11947131901979446,
      0.002522419672459364,
      0.021586664021015167
    ],
    "log_snr": [
      -0.6549878716468811,
      -0.13788795471191406,
      -0.08669820427894592,
      -0.09285002946853638,
      0.10577113926410675,
      -0.4074854850769043,
      0.17517244815826416,
      -0.4041218161582947,
      0.0010403208434581757,
      0.05614627152681351
    ],
    "theta_jn": [
      0.055764857679605484,
      0.06317096948623657,
      -0.01693117991089821,
      0.09690020978450775,
      0.14249303936958313,
      0.08558439463376999,
      0.06961230933666229,
      -0.03317166864871979,
      0.07441283762454987,
      -0.04840026795864105
    ]
  },
  "top_pc_per_quantity": {
    "log_distance": 0,
    "log_chirp_mass": 0,
    "log_snr": 0,
    "theta_jn": 4
  },
  "entangled": {
    "distance_mass_share_top_pc": true,
    "distance_snr_share_top_pc": true
  }
}