{
  "true": {
    "mass_1": 38.8,
    "mass_2": 33.4,
    "luminosity_distance": 1900.0
  },
  "npe": {
    "mass_1": 58.026885986328125,
    "mass_2": 28.52495765686035,
    "luminosity_distance": 1470.22216796875,
    "theta_jn": 1.251923680305481
  },
  "dynesty": {
    "mass_1": 42.410627825187085,
    "mass_2": 31.69394322049964,
    "luminosity_distance": 1734.2875077358385,
    "theta_jn": 2.467986434489366
  },
  "dynesty_std": {
    "mass_1": 3.964336836106048,
    "mass_2": 2.994033842057693,
    "luminosity_distance": 289.2811805368271
  }
}