{
  "param_names": [
    "mass_1",
    "mass_2",
    "luminosity_distance",
    "ra",
    "dec",
    "theta_jn",
    "psi",
    "phase",
    "geocent_time",
    "a1",
    "a2"
  ],
  "trigger_gps": 1186741861.5,
  "truth": null,
  "summary": {
    "n_samples": 3000,
    "trigger_gps": 1186741861.5,
    "parameters": [
      {
        "param": "mass_1",
        "median": 30.03804588317871,
        "mean": 34.17408386075497,
        "map": 35.989173889160156,
        "std": 12.702533609242858,
        "ci50%": [
          30.01337432861328,
          30.075093746185303
        ],
        "ci68%": [
          30.002591094970704,
          30.18936889648438
        ],
        "ci90%": [
          29.982581233978273,
          64.30656623840326
        ],
        "ci95%": [
          29.9647536277771,
          76.67091922760011
        ]
      },
      {
        "param": "mass_2",
        "median": 29.988595962524414,
        "mean": 29.477066690365472,
        "map": 33.60544204711914,
        "std": 4.99191698529314,
        "ci50%": [
          29.96090602874756,
          30.013975143432617
        ],
        "ci68%": [
          29.941252365112305,
          30.027317962646485
        ],
        "ci90%": [
          21.867336177825926,
          32.46553306579588
        ],
        "ci95%": [
          16.536579275131224,
          36.953620433807394
        ]
      },
      {
        "param": "luminosity_distance",
        "median": 1083.6865844726562,
        "mean": 1093.7784718322755,
        "map": 1219.646240234375,
        "std": 203.12693974796716,
        "ci50%": [
          1016.3396148681641,
          1151.2531433105469
        ],
        "ci68%": [
          980.8166284179688,
          1191.4771044921874
        ],
        "ci90%": [
          869.4176666259765,
          1406.4104553222649
        ],
        "ci95%": [
          744.9149475097661,
          1625.9047851562511
        ]
      },
      {
        "param": "ra",
        "median": 0.001480239036027342,
        "mean": 2.1398982257267543,
        "map": 5.894710063934326,
        "std": 2.8155111947335367,
        "ci50%": [
          0.0006142851489130408,
          6.245394825935364
        ],
        "ci68%": [
          0.0003929552529007196,
          6.282430248260498
        ],
        "ci90%": [
          0.00012260423718544184,
          6.283007216453552
        ],
        "ci95%": [
          6.216816836968064e-05,
          6.283095836639404
        ]
      },
      {
        "param": "dec",
        "median": 9.316205978393555e-05,
        "mean": -0.018929222921530407,
        "map": -0.2613394260406494,
        "std": 0.25462816604727884,
        "ci50%": [
          -0.000664442777633667,
          0.0008054375648498535
        ],
        "ci68%": [
          -0.0010818910598754884,
          0.0012981843948364278
        ],
        "ci90%": [
          -0.3724923312664032,
          0.10123850703239358
        ],
        "ci95%": [
          -0.7177179977297782,
          0.5218492925167085
        ]
      },
      {
        "param": "theta_jn",
        "median": 7.630580739714787e-06,
        "mean": 0.24118253187120445,
        "map": 2.3271989822387695,
        "std": 0.6392853912233953,
        "ci50%": [
          0.0,
          0.00031709041650174186
        ],
        "ci68%": [
          0.0,
          0.0011475007887929752
        ],
        "ci90%": [
          0.0,
          2.0321759700775144
        ],
        "ci95%": [
          0.0,
          2.471935969591141
        ]
      },
      {
        "param": "psi",
        "median": 2.761175751686096,
        "mean": 1.746808879892306,
        "map": 3.0976762771606445,
        "std": 1.4832892284715202,
        "ci50%": [
          0.0001636361630517058,
          3.141425907611847
        ],
        "ci68%": [
          9.314364520832896e-05,
          3.1414998722076417
        ],
        "ci90%": [
          2.7797784787253468e-05,
          3.141566038131714
        ],
        "ci95%": [
          1.5347766043305474e-05,
          3.1415791511535645
        ]
      },
      {
        "param": "phase",
        "median": 0.3653945326805115,
        "mean": 2.7550456665565726,
        "map": 2.682309627532959,
        "std": 2.9600509141142877,
        "ci50%": [
          0.0006778109091101214,
          6.282217979431152
        ],
        "ci68%": [
          0.00038531531696207806,
          6.282731056213379
        ],
        "ci90%": [
          0.00012199566190247417,
          6.283044910430908
        ],
        "ci95%": [
          5.691570695489647e-05,
          6.2831130027771
        ]
      },
      {
        "param": "geocent_time",
        "median": 0.03814667463302612,
        "mean": 0.019239387452602386,
        "map": 0.04231071472167969,
        "std": 0.16859573838071523,
        "ci50%": [
          0.03431820869445801,
          0.041321396827697754
        ],
        "ci68%": [
          0.031258587837219236,
          0.0428349781036377
        ],
        "ci90%": [
          0.00423057079315185,
          0.047251057624816885
        ],
        "ci95%": [
          -0.03472573757171615,
          0.05312392711639405
        ]
      },
      {
        "param": "a1",
        "median": 1.5273690223693848e-05,
        "mean": 0.07308574332793553,
        "map": 0.030142933130264282,
        "std": 0.20978412713637798,
        "ci50%": [
          0.0,
          7.0914626121521e-05
        ],
        "ci68%": [
          0.0,
          0.00021452188491821289
        ],
        "ci90%": [
          0.0,
          0.6599522590637201
        ],
        "ci95%": [
          0.0,
          0.8351065918803221
        ]
      },
      {
        "param": "a2",
        "median": 3.628432750701904e-05,
        "mean": 0.07164947152137756,
        "map": 0.31804659962654114,
        "std": 0.2055359163129371,
        "ci50%": [
          0.0,
          0.00012821704149246216
        ],
        "ci68%": [
          0.0,
          0.00030707001686096347
        ],
        "ci90%": [
          0.0,
          0.6303956985473617
        ],
        "ci95%": [
          0.0,
          0.834127251803875
        ]
      }
    ],
    "diagnostics": {
      "runtime": {
        "preprocess_s": 0.039,
        "gwosc_fetch_s": 6.34,
        "encode_s": 0.005,
        "sampling_s": 1.636,
        "total_s": 8.017
      },
      "memory": {
        "rss_mb": 4605.6,
        "mps_allocated_mb": 125.4
      },
      "n_effective": 3000,
      "boundary_railing_frac": 0.86,
      "log_prob": {
        "median": -54.02165222167969,
        "max": 55.84611511230469
      },
      "ood_flags": [
        "86.0% of samples rail at the parameter bounds \u2014 the event may lie outside the training prior (out-of-distribution)"
      ],
      "context_ood": {
        "mahalanobis": 9.0,
        "percentile_vs_validation": 82.3
      },
      "verdict": {
        "confidence": "LOW",
        "reasons": [
          "86% of posterior samples rail at prior bounds"
        ]
      },
      "refinement": {
        "refine": true,
        "refine_global": true,
        "untrusted_params": [],
        "strong_indicators": [
          "confidence LOW: 86% of posterior samples rail at prior bounds",
          "posterior median in severe mass-bias cell {'mc': 30, 'q': 0.9, 'theta_jn': 0.5} (m1 x1.46)",
          "86% of samples rail at prior bounds"
        ],
        "moderate_indicators": [],
        "indicators": {
          "confidence": "LOW",
          "ood_percentile": 82.3,
          "bias_region": {
            "q_in_attractor": false,
            "cell": {
              "mc": 30,
              "q": 0.9,
              "theta_jn": 0.5
            },
            "m1_bias": 1.46,
            "dl_bias": 1.42,
            "severe_mass_bias": true
          },
          "mc_width_frac": 0.353,
          "railing_frac": 0.86
        },