{
  "checkpoint": {
    "epoch": 29,
    "val_nll": 0.6907197057798102
  },
  "n_events": 1500,
  "n_post": 600,
  "shuffle_delta_nll": 10.05577278137207,
  "dist_corr_logmedian": 0.652757893280151,
  "dist_frac_err_median_abs": 0.29258888959884644,
  "coverage": {
    "mass_1": {
      "50%": 0.524,
      "68%": 0.706,
      "90%": 0.9153333333333333,
      "95%": 0.96
    },
    "mass_2": {
      "50%": 0.508,
      "68%": 0.684,
      "90%": 0.8886666666666667,
      "95%": 0.9493333333333334
    },
    "luminosity_distance": {
      "50%": 0.5266666666666666,
      "68%": 0.696,
      "90%": 0.9333333333333333,
      "95%": 0.9713333333333334
    },
    "ra": {
      "50%": 0.4846666666666667,
      "68%": 0.6906666666666667,
      "90%": 0.9066666666666666,
      "95%": 0.9513333333333334
    },
    "dec": {
      "50%": 0.5066666666666667,
      "68%": 0.652,
      "90%": 0.856,
      "95%": 0.9213333333333333
    },
    "theta_jn": {
      "50%": 0.4653333333333333,
      "68%": 0.6526666666666666,
      "90%": 0.8753333333333333,
      "95%": 0.9406666666666667
    },
    "psi": {
      "50%": 0.5006666666666667,
      "68%": 0.672,
      "90%": 0.9173333333333333,
      "95%": 0.9606666666666667
    },
    "phase": {
      "50%": 0.498,
      "68%": 0.6806666666666666,
      "90%": 0.9113333333333333,
      "95%": 0.9546666666666667
    },
    "geocent_time": {
      "50%": 0.4806666666666667,
      "68%": 0.6666666666666666,
      "90%": 0.9026666666666666,
      "95%": 0.9573333333333334
    },
    "a1": {
      "50%": 0.5093333333333333,
      "68%": 0.6893333333333334,
      "90%": 0.9173333333333333,
      "95%": 0.9693333333333334
    },
    "a2": {
      "50%": 0.468,
      "68%": 0.6486666666666666,
      "90%": 0.9033333333333333,
      "95%": 0.9466666666666667
    }
  },
  "sbc_ks": {
    "mass_1": {
      "stat": 0.08200000000000002,
      "p": 3.1975447651932254e-09
    },
    "mass_2": {
      "stat": 0.033999999999999975,
      "p": 0.06093599262945715
    },
    "luminosity_distance": {
      "stat": 0.07066666666666666,
      "p": 5.860782270732351e-07
    },
    "ra": {
      "stat": 0.03766666666666674,
      "p": 0.027625364847860934
    },
    "dec": {
      "stat": 0.04033333333333333,
      "p": 0.014770416708987462
    },
    "theta_jn": {
      "stat": 0.05133333333333334,
      "p": 0.0007102473343173204
    },
    "psi": {
      "stat": 0.036000000000000004,
      "p": 0.03997853248903427
    },
    "phase": {
      "stat": 0.08133333333333331,
      "p": 4.438967985687558e-09
    },
    "geocent_time": {
      "stat": 0.03633333333333333,
      "p": 0.03717948009813843
    },
    "a1": {
      "stat": 0.06766666666666665,
      "p": 2.0445549534362375e-06
    },
    "a2": {
      "stat": 0.04666666666666669,
      "p": 0.0028129744782654765
    }
  }
}