{
  "n_events": 300,
  "checkpoint_epoch": 29,
  "nll_matched": 26.986499786376953,
  "shuffle_delta_nll": 1.501657485961914,
  "coverage": {
    "mass_1": {
      "50%": 0.32,
      "90%": 0.6266666666666667
    },
    "mass_2": {
      "50%": 0.24333333333333335,
      "90%": 0.61
    },
    "luminosity_distance": {
      "50%": 0.13,
      "90%": 0.35333333333333333
    },
    "ra": {
      "50%": 0.2866666666666667,
      "90%": 0.64
    },
    "dec": {
      "50%": 0.3433333333333333,
      "90%": 0.6466666666666666
    },
    "theta_jn": {
      "50%": 0.35,
      "90%": 0.7
    },
    "psi": {
      "50%": 0.32,
      "90%": 0.7533333333333333
    },
    "phase": {
      "50%": 0.47333333333333333,
      "90%": 0.83
    },
    "geocent_time": {
      "50%": 0.2833333333333333,
      "90%": 0.5666666666666667
    },
    "a1": {
      "50%": 0.31333333333333335,
      "90%": 0.6633333333333333
    },
    "a2": {
      "50%": 0.30333333333333334,
      "90%": 0.66
    }
  },
  "dist_corr_logmedian": 0.13542639456553676,
  "dist_frac_err_median_abs": 0.8261854648590088
}