{
  "param_names": [
    "mass_1",
    "mass_2",
    "luminosity_distance",
    "ra",
    "dec",
    "theta_jn",
    "psi",
    "phase",
    "geocent_time",
    "a1",
    "a2"
  ],
  "trigger_gps": 1187008882.4,
  "truth": {
    "mass_1": 1.48,
    "mass_2": 1.26,
    "luminosity_distance": 40.0
  },
  "summary": {
    "n_samples": 10000,
    "trigger_gps": 1187008882.4,
    "parameters": [
      {
        "param": "mass_1",
        "median": 22.008015632629395,
        "mean": 31.716668339955806,
        "map": 2.154949188232422,
        "std": 30.39893191202637,
        "ci50%": [
          2.508977472782135,
          54.16429805755615
        ],
        "ci68%": [
          2.126255187988281,
          69.2434155273438
        ],
        "ci90%": [
          1.4619658410549163,
          90.58618431091307
        ],
        "ci95%": [
          1.2359742254018788,
          96.76753234863281
        ],
        "truth": 1.48,
        "truth_in_90": true
      },
      {
        "param": "mass_2",
        "median": 2.3740830421447754,
        "mean": 11.645525888288022,
        "map": 2.1321427822113037,
        "std": 16.003743674051357,
        "ci50%": [
          1.5876991748809814,
          16.592586994171143
        ],
        "ci68%": [
          1.3636087942123412,
          24.192438049316422
        ],
        "ci90%": [
          1.0888581812381743,
          46.34511356353759
        ],
        "ci95%": [
          1.0361563801765443,
          58.8098299980163
        ],
        "truth": 1.26,
        "truth_in_90": true
      },
      {
        "param": "luminosity_distance",
        "median": 693.7465209960938,
        "mean": 902.3578276695251,
        "map": 288.6344909667969,
        "std": 654.7869306566307,
        "ci50%": [
          283.18762969970703,
          1534.7783508300781
        ],
        "ci68%": [
          212.24646850585938,
          1756.1873925781251
        ],
        "ci90%": [
          129.3453056335449,
          1969.7616394042966
        ],
        "ci95%": [
          105.4335285186768,
          2029.0953063964844
        ],
        "truth": 40.0,
        "truth_in_90": false
      },
      {
        "param": "ra",
        "median": 3.132067918777466,
        "mean": 3.1420271331489666,
        "map": 0.07836803048849106,
        "std": 1.861375636981482,
        "ci50%": [
          1.6321498155593872,
          4.784344673156738
        ],
        "ci68%": [
          0.8372894906997681,
          5.3911889457702635
        ],
        "ci90%": [
          0.17234040573239323,
          5.995837759971618
        ],
        "ci95%": [
          0.09344833251088858,
          6.139011418819427
        ]
      },
      {
        "param": "dec",
        "median": 0.028317034244537354,
        "mean": 0.025786755388975142,
        "map": 0.19567465782165527,
        "std": 0.6049430076635973,
        "ci50%": [
          -0.3946833312511444,
          0.4491177201271057
        ],
        "ci68%": [
          -0.6036654233932496,
          0.6577373933792117
        ],
        "ci90%": [
          -0.9796512991189957,
          1.0250376582145688
        ],
        "ci95%": [
          -1.131894737482071,
          1.2097782552242278
        ]
      },
      {
        "param": "theta_jn",
        "median": 1.5765442848205566,
        "mean": 1.5409741679521278,
        "map": 0.08544237911701202,
        "std": 0.7127189875828245,
        "ci50%": [
          0.94996377825737,
          2.1065969467163086
        ],
        "ci68%": [
          0.7155944323539734,
          2.310961284637451
        ],
        "ci90%": [
          0.4008985608816147,
          2.665339112281799
        ],
        "ci95%": [
          0.2725791759788993,
          2.7813801169395447
        ]
      },
      {
        "param": "psi",
        "median": 1.5583805441856384,
        "mean": 1.5598013590257265,
        "map": 0.0020722411572933197,
        "std": 0.9155538968713443,
        "ci50%": [
          0.7430795133113861,
          2.354891359806061
        ],
        "ci68%": [
          0.4913085830211638,
          2.6679827976226806
        ],
        "ci90%": [
          0.16936691105365745,
          2.9953839302062986
        ],
        "ci95%": [
          0.06705823112279188,
          3.0541367411613463
        ]
      },
      {
        "param": "phase",
        "median": 3.063475251197815,
        "mean": 3.059870441758918,
        "map": 2.0656659603118896,
        "std": 1.7910177654814659,
        "ci50%": [
          1.508085548877716,
          4.582790493965149
        ],
        "ci68%": [
          0.9621670484542844,
          5.157210178375245
        ],
        "ci90%": [
          0.2874279677867889,
          5.852756524085998
        ],
        "ci95%": [
          0.13496066629886638,
          6.047551107406616
        ]
      },
      {
        "param": "geocent_time",
        "median": 0.05945950746536255,
        "mean": -0.013171221262216568,
        "map": -1.122658371925354,
        "std": 0.8367866310503935,
        "ci50%": [
          -0.7563734501600266,
          0.6325578093528748
        ],
        "ci68%": [
          -1.0609745407104494,
          0.8978103303909302
        ],
        "ci90%": [
          -1.3539300203323366,
          1.3092142820358275
        ],
        "ci95%": [
          -1.4450939089059829,
          1.4264579713344572
        ]
      },
      {
        "param": "a1",
        "median": 0.3326494097709656,
        "mean": 0.38174987726509574,
        "map": 0.011235058307647705,
        "std": 0.3303367578023618,
        "ci50%": [
          0.040918998420238495,
          0.6726256906986237
        ],
        "ci68%": [
          0.028917579650878905,
          0.7949414253234866
        ],
        "ci90%": [
          0.009824804961681366,
          0.9445800691843033
        ],
        "ci95%": [
          0.005516024678945551,
          0.9653004899621008
        ]
      },
      {
        "param": "a2",
        "median": 0.044470012187957764,
        "mean": 0.22084710597991944,
        "map": 0.010137796401977539,
        "std": 0.27586710600510955,
        "ci50%": [
          0.024582013487815857,
          0.3951842784881592
        ],
        "ci68%": [
          0.016894497871398916,
          0.5588185334205632
        ],
        "ci90%": [
          0.006528945267200468,
          0.8171275198459623
        ],
        "ci95%": [
          0.0038485258817672744,
          0.8946784049272536
        ]
      }
    ],
    "diagnostics": {
      "runtime": {
        "preprocess_s": 0.083,
        "gwosc_fetch_s": null,
        "encode_s": 0.009,
        "sampling_s": 7.476,
        "total_s": 7.487
      },
      "memory": {
        "rss_mb": 1411.2,
        "mps_allocated_mb": 33.1
      },
      "n_effective": 10000,
      "boundary_railing_frac": 0.0361,
      "log_prob": {
        "median": -19.01613426208496,
        "max": 8.604988098144531
      },
      "ood_flags": [
        "L1: whitened std 6.21 far from 1 \u2014 PSD mismatch or non-stationary data (out-of-distribution)",
        "L1: |strain| peaks at 135\u03c3 \u2014 likely glitch/saturation",
        "L1: off-source excess kurtosis 119.6 \u2014 non-Gaussian noise (glitches) in window"
      ],
      "context_ood": {
        "mahalanobis": 22.33,
        "percentile_vs_validation": 100.0
      },
      "verdict": {
        "confidence": "LOW",
        "reasons": [
          "context farther from training than ALL validation events (Mahalanobis 22.33)",
          "L1: whitened std 6.21 far from 1 \u2014 PSD mismatch or non-stationary data (out-of-distribution)",
          "L1: |strain| peaks at 135\u03c3 \u2014 likely glitch/saturation",
          "L1: off-source excess kurtosis 119.6 \u2014 non-Gaussian noise (glitches) in window"
        ]
      }
    }
  },