{
  "meta": {
    "model": "model/lean_v6/best_model.pth",
    "epoch": 38,
    "val_nll": -0.017256081197410823,
    "device": "mps",
    "timestamp": "2026-07-09 10:31:38",
    "wall_s": 556.1230361461639
  },
  "gaussian": {
    "n_events": 2000,
    "n_post": 400,
    "nll": -1.3284504413604736,
    "shuffle_delta_nll": 7.242630958557129,
    "dist_corr": 0.5785328285314139,
    "coverage": {
      "mass_1": {
        "50": 0.5135,
        "68": 0.712,
        "90": 0.91,
        "95": 0.957
      },
      "mass_2": {
        "50": 0.5205,
        "68": 0.673,
        "90": 0.887,
        "95": 0.951
      },
      "luminosity_distance": {
        "50": 0.505,
        "68": 0.6795,
        "90": 0.903,
        "95": 0.959
      },
      "ra": {
        "50": 0.4895,
        "68": 0.639,
        "90": 0.884,
        "95": 0.938
      },
      "dec": {
        "50": 0.5015,
        "68": 0.6425,
        "90": 0.871,
        "95": 0.9275
      },
      "theta_jn": {
        "50": 0.512,
        "68": 0.711,
        "90": 0.8965,
        "95": 0.9465
      },
      "psi": {
        "50": 0.499,
        "68": 0.6845,
        "90": 0.894,
        "95": 0.928
      },
      "phase": {
        "50": 0.47,
        "68": 0.6405,
        "90": 0.881,
        "95": 0.9345
      },
      "geocent_time": {
        "50": 0.5325,
        "68": 0.707,
        "90": 0.9015,
        "95": 0.9495
      },
      "a1": {
        "50": 0.4855,
        "68": 0.705,
        "90": 0.9115,
        "95": 0.9585
      },
      "a2": {
        "50": 0.4735,
        "68": 0.66,
        "90": 0.9055,
        "95": 0.946
      }
    },
    "sbc_ks_p": {
      "mass_1": 4.9688536044580744e-11,
      "mass_2": 1.145763700474256e-15,
      "luminosity_distance": 2.621802600826976e-22,
      "ra": 1.648340928584041e-05,
      "dec": 0.0032305680961255785,
      "theta_jn": 0.001412632826991513,
      "psi": 0.032559919350984456,
      "phase": 1.3476512268090248e-06,
      "geocent_time": 0.000338810065256739,
      "a1": 0.001412632826991513,
      "a2": 0.007026994506371968
    },
    "railing_frac": 0.04354375
  },
  "real": {
    "n_events": 2000,
    "n_post": 400,
    "nll": -1.0436885356903076,
    "shuffle_delta_nll": 6.593562126159668,
    "dist_corr": 0.5179005402888183,
    "coverage": {
      "mass_1": {
        "50": 0.4995,
        "68": 0.6975,
        "90": 0.915,
        "95": 0.964
      },
      "mass_2": {
        "50": 0.502,
        "68": 0.671,
        "90": 0.873,
        "95": 0.942
      },
      "luminosity_distance": {
        "50": 0.4795,
        "68": 0.654,
        "90": 0.8965,
        "95": 0.9545
      },
      "ra": {
        "50": 0.487,
        "68": 0.6465,
        "90": 0.8825,
        "95": 0.94
      },
      "dec": {
        "50": 0.491,
        "68": 0.6415,
        "90": 0.859,
        "95": 0.9245
      },
      "theta_jn": {
        "50": 0.5165,
        "68": 0.7095,
        "90": 0.898,
        "95": 0.945
      },
      "psi": {
        "50": 0.4915,
        "68": 0.691,
        "90": 0.899,
        "95": 0.93
      },
      "phase": {
        "50": 0.4685,
        "68": 0.641,
        "90": 0.883,
        "95": 0.934
      },
      "geocent_time": {
        "50": 0.527,
        "68": 0.7025,
        "90": 0.9025,
        "95": 0.954
      },
      "a1": {
        "50": 0.4825,
        "68": 0.694,
        "90": 0.911,
        "95": 0.9635
      },
      "a2": {
        "50": 0.4745,
        "68": 0.658,
        "90": 0.8995,
        "95": 0.9455
      }
    },
    "sbc_ks_p": {
      "mass_1": 1.0604306943365804e-06,
      "mass_2": 3.5051729127835935e-15,
      "luminosity_distance": 2.6095847328360355e-24,
      "ra": 1.0645715055286658e-05,
      "dec": 0.004434921412554682,
      "theta_jn": 0.008159380618720158,
      "psi": 0.0474271680505336,
      "phase": 4.334766499709725e-06,
      "geocent_time": 0.028608517005410783,
      "a1": 0.00040786215002674254,
      "a2": 0.006039651873440806
    },
    "railing_frac": 0.04316625
  },
  "gw150914": {
    "GW150914": "m1 46.7 (pub 38.8) | m2 29.9 (pub 33.4) | dL 1079 (pub 440) | t_c +0.037s | rail 44.5% | conf LOW | gate: REFINE (mass_1,mass_2)",
    "GW151226": "m1 13.3 (pub 13.7) | m2 2.2 (pub 7.7) | dL 614 (pub 440) | t_c +0.118s | rail 4.1% | conf HIGH | gate: REFINE",
    "GW170104": "m1 51.3 (pub 31.0) | m2 23.5 (pub 20.1) | dL 1443 (pub 960) | t_c +0.005s | rail 17.4% | conf MEDIUM | gate: REFINE (mass_1,mass_2)",
    "GW170608": "m1 29.8 (pub 12.0) | m2 8.6 (pub 7.0) | dL 1122 (pub 320) | t_c -0.043s | rail 5.4% | conf MEDIUM | gate: REFINE",
    "GW170729": "m1 55.9 (pub 50.6) | m2 18.1 (pub 34.3) | dL 1501 (pub 2750) | t_c +0.053s | rail 5.4% | conf MEDIUM | gate: REFINE (mass_1,mass_2)",
    "GW170814": "m1 42.0 (pub 30.7) | m2 29.8 (pub 25.3) | dL 1290 (pub 600) | t_c +0.040s | rail 41.1% | conf LOW | gate: REFINE (mass_1,mass_2)"
  },
  "gates": [
    {
      "gate": "gaussian shuffle \u0394NLL > 5 nats",
      "pass": true,
      "detail": "7.24"
    },
    {
      "gate": "gaussian 50% coverage within \u00b10.07 (\u22642 exceptions)",
      "pass": true,
      "detail": "violations: none"
    },
    {
      "gate": "gaussian 90% coverage within \u00b10.05 (\u22642 exceptions)",
      "pass": true,
      "detail": "violations: none"
    },
    {
      "gate": "gaussian SBC KS p>1e-3 for \u22659/11 params",
      "pass": false,
      "detail": "5/11"
    },
    {
      "gate": "gaussian spurious railing < 5%",
      "pass": true,
      "detail": "4.35%"
    },
    {
      "gate": "distance correlation > 0.5",
      "pass": true,
      "detail": "0.579"
    },
    {
      "gate": "real-noise shuffle \u0394NLL > 5 nats",
      "pass": true,
      "detail": "6.59"
    },
    {
      "gate": "real-noise 90% coverage within \u00b10.07 (\u22642 exceptions)",
      "pass": true,
      "detail": "violations: none"
    },
    {
      "gate": "real vs gaussian NLL gap < 3 nats",
      "pass": true,
      "detail": "gaussian -1.33 vs real -1.04"
    },
    {
      "gate": "real-event smoke tests (6 GWTC events, |t_c|<0.1s)",
      "pass": false,
      "detail": "GW151226: t_c offset +0.118s"
    }
  ]
}