{
  "mass_1": {
    "type": "log",
    "min": 0.05572512534980386,
    "max": 4.60509069642856
  },
  "mass_2": {
    "type": "log",
    "min": 1.000000082690371e-10,
    "max": 4.549715029889065
  },
  "luminosity_distance": {
    "type": "log",
    "min": 2.6699167444811653,
    "max": 7.60086767644368
  },
  "ra": {
    "type": "standard",
    "mean": 3.1337404243258167,
    "std": 1.8050451994419747
  },
  "dec": {
    "type": "standard",
    "mean": 0.0114534648010797,
    "std": 0.6890461901919788
  },
  "theta_jn": {
    "type": "standard",
    "mean": 1.5738860552095884,
    "std": 0.6827852051581418
  },
  "psi": {
    "type": "standard",
    "mean": 1.5720877472371864,
    "std": 0.9061285583416795
  },
  "phase": {
    "type": "standard",
    "mean": 3.1468534306350113,
    "std": 1.8095162265080968
  },
  "geocent_time": {
    "type": "standard",
    "mean": 0.05786383754097634,
    "std": 0.39600268638044994
  }
}