{
  "meta": {
    "model": "model/lean_v7_aux/best_model.pth",
    "epoch": 7,
    "val_nll": -0.04277825942263007,
    "device": "mps",
    "timestamp": "2026-07-09 18:03:27",
    "wall_s": 866.4751920700073
  },
  "gaussian": {
    "n_events": 2000,
    "n_post": 400,
    "nll": -1.4533886909484863,
    "shuffle_delta_nll": 7.924692630767822,
    "dist_corr": 0.5783158808336976,
    "coverage": {
      "mass_1": {
        "50": 0.516,
        "68": 0.711,
        "90": 0.922,
        "95": 0.9665
      },
      "mass_2": {
        "50": 0.501,
        "68": 0.6595,
        "90": 0.8695,
        "95": 0.941
      },
      "luminosity_distance": {
        "50": 0.5295,
        "68": 0.6905,
        "90": 0.925,
        "95": 0.975
      },
      "ra": {
        "50": 0.4925,
        "68": 0.6455,
        "90": 0.883,
        "95": 0.935
      },
      "dec": {
        "50": 0.482,
        "68": 0.6225,
        "90": 0.8575,
        "95": 0.9225
      },
      "theta_jn": {
        "50": 0.502,
        "68": 0.7055,
        "90": 0.8895,
        "95": 0.9395
      },
      "psi": {
        "50": 0.5105,
        "68": 0.704,
        "90": 0.896,
        "95": 0.9325
      },
      "phase": {
        "50": 0.484,
        "68": 0.6525,
        "90": 0.8715,
        "95": 0.9235
      },
      "geocent_time": {
        "50": 0.541,
        "68": 0.7155,
        "90": 0.913,
        "95": 0.9555
      },
      "a1": {
        "50": 0.5075,
        "68": 0.72,
        "90": 0.921,
        "95": 0.9645
      },
      "a2": {
        "50": 0.502,
        "68": 0.6815,
        "90": 0.905,
        "95": 0.9475
      }
    },
    "sbc_ks_p": {
      "mass_1": 0.01093508430863774,
      "mass_2": 2.0449150874653676e-05,
      "luminosity_distance": 0.00023239619830365217,
      "ra": 0.0004900039140788306,
      "dec": 0.0010005427041272722,
      "theta_jn": 0.00023239619830365217,
      "psi": 0.04192270924368113,
      "phase": 0.008159380618720158,
      "geocent_time": 3.128357200379463e-05,
      "a1": 0.05354694793932557,
      "a2": 0.0474271680505336
    },
    "railing_frac": 0.04325
  },
  "real": {
    "n_events": 2000,
    "n_post": 400,
    "nll": -1.1432145833969116,
    "shuffle_delta_nll": 7.180119514465332,
    "dist_corr": 0.5308201741906966,
    "coverage": {
      "mass_1": {
        "50": 0.505,
        "68": 0.7,
        "90": 0.925,
        "95": 0.9615
      },
      "mass_2": {
        "50": 0.4895,
        "68": 0.655,
        "90": 0.8635,
        "95": 0.9305
      },
      "luminosity_distance": {
        "50": 0.488,
        "68": 0.6815,
        "90": 0.925,
        "95": 0.9685
      },
      "ra": {
        "50": 0.4975,
        "68": 0.649,
        "90": 0.8835,
        "95": 0.9345
      },
      "dec": {
        "50": 0.4845,
        "68": 0.624,
        "90": 0.853,
        "95": 0.9195
      },
      "theta_jn": {
        "50": 0.5,
        "68": 0.7065,
        "90": 0.894,
        "95": 0.939
      },
      "psi": {
        "50": 0.499,
        "68": 0.7005,
        "90": 0.9005,
        "95": 0.934
      },
      "phase": {
        "50": 0.4865,
        "68": 0.653,
        "90": 0.874,
        "95": 0.9295
      },
      "geocent_time": {
        "50": 0.528,
        "68": 0.721,
        "90": 0.9145,
        "95": 0.9565
      },
      "a1": {
        "50": 0.516,
        "68": 0.714,
        "90": 0.92,
        "95": 0.9635
      },
      "a2": {
        "50": 0.503,
        "68": 0.685,
        "90": 0.9015,
        "95": 0.948
      }
    },
    "sbc_ks_p": {
      "mass_1": 0.06784809810479564,
      "mass_2": 1.648340928584041e-05,
      "luminosity_distance": 5.442848463824624e-06,
      "ra": 0.0004900039140788306,
      "dec": 0.0011900570572091853,
      "theta_jn": 0.001673478779450913,
      "psi": 0.0474271680505336,
      "phase": 0.009455286344041814,
      "geocent_time": 0.0005875093621469384,
      "a1": 0.05354694793932557,
      "a2": 0.04192270924368113
    },
    "railing_frac": 0.0429225
  },
  "gw150914": {
    "GW150914": "m1 50.6 (pub 38.8) | m2 30.0 (pub 33.4) | dL 1144 (pub 440) | t_c +0.028s | rail 43.3% | conf LOW | gate: REFINE (mass_1,mass_2)",
    "GW151226": "m1 16.7 (pub 13.7) | m2 2.5 (pub 7.7) | dL 736 (pub 440) | t_c +0.092s | rail 4.8% | conf HIGH | gate: REFINE",
    "GW170104": "m1 53.6 (pub 31.0) | m2 21.3 (pub 20.1) | dL 1477 (pub 960) | t_c -0.002s | rail 12.0% | conf MEDIUM | gate: REFINE (mass_1,mass_2)",
    "GW170608": "m1 30.0 (pub 12.0) | m2 7.8 (pub 7.0) | dL 1138 (pub 320) | t_c -0.043s | rail 4.1% | conf HIGH | gate: REFINE",
    "GW170729": "m1 73.7 (pub 50.6) | m2 27.6 (pub 34.3) | dL 1616 (pub 2750) | t_c +0.031s | rail 5.3% | conf MEDIUM | gate: REFINE (mass_1,mass_2)",
    "GW170814": "m1 42.7 (pub 30.7) | m2 29.8 (pub 25.3) | dL 1315 (pub 600) | t_c +0.033s | rail 42.2% | conf LOW | gate: REFINE (mass_1,mass_2)"
  },
  "gates": [
    {
      "gate": "gaussian shuffle \u0394NLL > 5 nats",
      "pass": true,
      "detail": "7.92"
    },
    {
      "gate": "gaussian 50% coverage within \u00b10.07 (\u22642 exceptions)",
      "pass": true,
      "detail": "violations: none"
    },
    {
      "gate": "gaussian 90% coverage within \u00b10.05 (\u22642 exceptions)",
      "pass": true,
      "detail": "violations: none"
    },
    {
      "gate": "gaussian SBC KS p>1e-3 for \u22659/11 params",
      "pass": false,
      "detail": "6/11"
    },
    {
      "gate": "gaussian spurious railing < 5%",
      "pass": true,
      "detail": "4.32%"
    },
    {
      "gate": "distance correlation > 0.5",
      "pass": true,
      "detail": "0.578"
    },
    {
      "gate": "real-noise shuffle \u0394NLL > 5 nats",
      "pass": true,
      "detail": "7.18"
    },
    {
      "gate": "real-noise 90% coverage within \u00b10.07 (\u22642 exceptions)",
      "pass": true,
      "detail": "violations: none"
    },
    {
      "gate": "real vs gaussian NLL gap < 3 nats",
      "pass": true,
      "detail": "gaussian -1.45 vs real -1.14"
    },
    {
      "gate": "real-event smoke tests (6 GWTC events, |t_c|<0.1s)",
      "pass": true,
      "detail": "all 6 events ran, |t_c|<0.1s"
    }
  ]
}