{
  "meta": {
    "model": "model/lean_npe_v5/best_model.pth",
    "epoch": 1,
    "val_nll": -0.5088662856258452,
    "device": "mps",
    "timestamp": "2026-07-08 21:01:34",
    "wall_s": 539.560949087143
  },
  "gaussian": {
    "n_events": 2000,
    "n_post": 400,
    "nll": -2.6415932178497314,
    "shuffle_delta_nll": 11.846421241760254,
    "dist_corr": 0.6460129934733999,
    "coverage": {
      "mass_1": {
        "50": 0.4835,
        "68": 0.6725,
        "90": 0.9075,
        "95": 0.9545
      },
      "mass_2": {
        "50": 0.5155,
        "68": 0.676,
        "90": 0.8945,
        "95": 0.947
      },
      "luminosity_distance": {
        "50": 0.488,
        "68": 0.6735,
        "90": 0.9205,
        "95": 0.969
      },
      "ra": {
        "50": 0.4735,
        "68": 0.6485,
        "90": 0.872,
        "95": 0.9225
      },
      "dec": {
        "50": 0.49,
        "68": 0.63,
        "90": 0.8545,
        "95": 0.9155
      },
      "theta_jn": {
        "50": 0.5065,
        "68": 0.7015,
        "90": 0.893,
        "95": 0.938
      },
      "psi": {
        "50": 0.5225,
        "68": 0.689,
        "90": 0.887,
        "95": 0.9265
      },
      "phase": {
        "50": 0.4715,
        "68": 0.648,
        "90": 0.866,
        "95": 0.923
      },
      "geocent_time": {
        "50": 0.48,
        "68": 0.6785,
        "90": 0.9055,
        "95": 0.9545
      },
      "a1": {
        "50": 0.4965,
        "68": 0.6915,
        "90": 0.9215,
        "95": 0.971
      },
      "a2": {
        "50": 0.5245,
        "68": 0.6955,
        "90": 0.905,
        "95": 0.953
      }
    },
    "sbc_ks_p": {
      "mass_1": 0.00040786215002674254,
      "mass_2": 0.19635321741184408,
      "luminosity_distance": 8.327494988986189e-07,
      "ra": 2.7329251461466325e-06,
      "dec": 0.0010005427041272772,
      "theta_jn": 0.00518064729763768,
      "psi": 0.0474271680505336,
      "phase": 4.7475612963423185e-05,
      "geocent_time": 0.025086349119711193,
      "a1": 0.025086349119711193,
      "a2": 0.0474271680505336
    },
    "railing_frac": 0.0367275
  },
  "real": {
    "n_events": 2000,
    "n_post": 400,
    "nll": -1.832180380821228,
    "shuffle_delta_nll": 9.617738723754883,
    "dist_corr": 0.554710887487923,
    "coverage": {
      "mass_1": {
        "50": 0.4785,
        "68": 0.673,
        "90": 0.9025,
        "95": 0.957
      },
      "mass_2": {
        "50": 0.513,
        "68": 0.6695,
        "90": 0.8965,
        "95": 0.9515
      },
      "luminosity_distance": {
        "50": 0.484,
        "68": 0.672,
        "90": 0.9185,
        "95": 0.9695
      },
      "ra": {
        "50": 0.487,
        "68": 0.6465,
        "90": 0.878,
        "95": 0.928
      },
      "dec": {
        "50": 0.4935,
        "68": 0.6355,
        "90": 0.849,
        "95": 0.915
      },
      "theta_jn": {
        "50": 0.5045,
        "68": 0.695,
        "90": 0.8975,
        "95": 0.939
      },
      "psi": {
        "50": 0.52,
        "68": 0.6905,
        "90": 0.8965,
        "95": 0.931
      },
      "phase": {
        "50": 0.468,
        "68": 0.6475,
        "90": 0.867,
        "95": 0.9265
      },
      "geocent_time": {
        "50": 0.495,
        "68": 0.678,
        "90": 0.9145,
        "95": 0.9545
      },
      "a1": {
        "50": 0.468,
        "68": 0.6715,
        "90": 0.917,
        "95": 0.9625
      },
      "a2": {
        "50": 0.5115,
        "68": 0.68,
        "90": 0.8955,
        "95": 0.9575
      }
    },
    "sbc_ks_p": {
      "mass_1": 0.00028088477118895234,
      "mass_2": 0.000703006247439408,
      "luminosity_distance": 7.669935428303338e-10,
      "ra": 1.0604306943366088e-06,
      "dec": 0.0016734787794509365,
      "theta_jn": 0.019173983247511323,
      "psi": 0.036982932422771286,
      "phase": 3.1283572003794264e-05,
      "geocent_time": 0.9322014100608376,
      "a1": 5.442848463824761e-06,
      "a2": 0.05354694793932557
    },
    "railing_frac": 0.03928125
  },
  "gw150914": {
    "GW150914": "m1 53.8 (pub 38.8) | m2 30.7 (pub 33.4) | dL 1219 (pub 440) | t_c +0.034s | rail 30.6% | conf LOW | gate: REFINE (mass_1,mass_2)",
    "GW151226": "m1 24.3 (pub 13.7) | m2 6.4 (pub 7.7) | dL 796 (pub 440) | t_c +0.066s | rail 3.2% | conf HIGH | gate: REFINE",
    "GW170104": "m1 53.4 (pub 31.0) | m2 24.8 (pub 20.1) | dL 1464 (pub 960) | t_c -0.002s | rail 8.0% | conf MEDIUM | gate: REFINE (mass_1,mass_2)",
    "GW170608": "m1 24.1 (pub 12.0) | m2 6.8 (pub 7.0) | dL 813 (pub 320) | t_c +0.000s | rail 3.0% | conf HIGH | gate: REFINE",
    "GW170729": "m1 80.8 (pub 50.6) | m2 46.6 (pub 34.3) | dL 1591 (pub 2750) | t_c +0.010s | rail 3.9% | conf HIGH | gate: REFINE (mass_1,mass_2)",
    "GW170814": "m1 30.2 (pub 30.7) | m2 30.0 (pub 25.3) | dL 1278 (pub 600) | t_c +0.039s | rail 56.3% | conf LOW | gate: REFINE"
  },
  "gates": [
    {
      "gate": "gaussian shuffle \u0394NLL > 5 nats",
      "pass": true,
      "detail": "11.85"
    },
    {
      "gate": "gaussian 50% coverage within \u00b10.07 (\u22642 exceptions)",
      "pass": true,
      "detail": "violations: none"
    },
    {
      "gate": "gaussian 90% coverage within \u00b10.05 (\u22642 exceptions)",
      "pass": true,
      "detail": "violations: none"
    },
    {
      "gate": "gaussian SBC KS p>1e-3 for \u22659/11 params",
      "pass": false,
      "detail": "7/11"
    },
    {
      "gate": "gaussian spurious railing < 5%",
      "pass": true,
      "detail": "3.67%"
    },
    {
      "gate": "distance correlation > 0.5",
      "pass": true,
      "detail": "0.646"
    },
    {
      "gate": "real-noise shuffle \u0394NLL > 5 nats",
      "pass": true,
      "detail": "9.62"
    },
    {
      "gate": "real-noise 90% coverage within \u00b10.07 (\u22642 exceptions)",
      "pass": true,
      "detail": "violations: none"
    },
    {
      "gate": "real vs gaussian NLL gap < 3 nats",
      "pass": true,
      "detail": "gaussian -2.64 vs real -1.83"
    },
    {
      "gate": "real-event smoke tests (6 GWTC events, |t_c|<0.1s)",
      "pass": true,
      "detail": "all 6 events ran, |t_c|<0.1s"
    }
  ]
}