{
  "n_events": 3000,
  "sanity_check_max_diff": 0.0,
  "stages": {
    "S0_raw_log_energy": {
      "dim": 48,
      "probes": {
        "luminosity_distance": {
          "r2": 0.0005496740341186523,
          "pearson": 0.09881846606731415,
          "mae": 0.7167278528213501,
          "mi_proxy": 0.042431260080254773,
          "mlp_r2": -6.380424499511719
        },
        "chirp_mass": {
          "r2": 0.023294270038604736,
          "pearson": 0.1712619811296463,
          "mae": 0.9710628986358643,
          "mi_proxy": 0.06970455635825079,
          "mlp_r2": -0.2823195457458496
        },
        "total_mass": {
          "r2": 0.008299648761749268,
          "pearson": 0.12386622279882431,
          "mae": 1.0165798664093018,
          "mi_proxy": 0.06203899270482793,
          "mlp_r2": -0.7903323173522949
        },
        "network_snr": {
          "r2": 0.3637391924858093,
          "pearson": 0.6033812761306763,
          "mae": 0.3858022391796112,
          "mi_proxy": 0.35752625377756786,
          "mlp_r2": -2.4464571475982666
        }
      }
    },
    "S1_cnn_stem": {
      "dim": 576,
      "probes": {
        "luminosity_distance": {
          "r2": 0.2690255641937256,
          "pearson": 0.519835352897644,
          "mae": 0.5974168181419373,
          "mi_proxy": 0.2017209383877976,
          "mlp_r2": -2.257309913635254
        },
        "chirp_mass": {
          "r2": 0.38508349657058716,
          "pearson": 0.6231594085693359,
          "mae": 0.7440473437309265,
          "mi_proxy": 0.38013929326344265,
          "mlp_r2": 0.2803459167480469
        },
        "total_mass": {
          "r2": 0.2829182744026184,
          "pearson": 0.5345434546470642,
          "mae": 0.8509887456893921,
          "mi_proxy": 0.2985677309589754,
          "mlp_r2": -0.03670144081115723
        },
        "network_snr": {
          "r2": 0.807753324508667,
          "pearson": 0.8990031480789185,
          "mae": 0.20630493760108948,
          "mi_proxy": 1.0323370620630246,
          "mlp_r2": 0.08880835771560669
        }
      }
    },
    "S2_transformer_fusion": {
      "dim": 192,
      "probes": {
        "luminosity_distance": {
          "r2": 0.3846924304962158,
          "pearson": 0.6203305125236511,
          "mae": 0.5227081179618835,
          "mi_proxy": 0.30365574849552157,
          "mlp_r2": -0.05570483207702637
        },
        "chirp_mass": {
          "r2": 0.5762282609939575,
          "pearson": 0.7591323852539062,
          "mae": 0.5764315724372864,
          "mi_proxy": 0.6607810547544739,
          "mlp_r2": 0.5552865266799927
        },
        "total_mass": {
          "r2": 0.4547724723815918,
          "pearson": 0.6744329929351807,
          "mae": 0.6988824009895325,
          "mi_proxy": 0.5135289812646517,
          "mlp_r2": 0.42421287298202515
        },
        "network_snr": {
          "r2": 0.8771306276321411,
          "pearson": 0.9365530014038086,
          "mae": 0.15605506300926208,
          "mi_proxy": 1.2090726370420888,
          "mlp_r2": 0.7420003414154053
        }
      }
    },
    "S3_pooled_attn": {
      "dim": 1536,
      "probes": {
        "luminosity_distance": {
          "r2": 0.38509416580200195,
          "pearson": 0.620642364025116,
          "mae": 0.522593080997467,
          "mi_proxy": 0.3080894412245785,
          "mlp_r2": 0.2146269679069519
        },
        "chirp_mass": {
          "r2": 0.5760886073112488,
          "pearson": 0.7590354681015015,
          "mae": 0.5778234004974365,
          "mi_proxy": 0.6544794084979637,
          "mlp_r2": 0.5736915469169617
        },
        "total_mass": {
          "r2": 0.4527973532676697,
          "pearson": 0.6729723215103149,
          "mae": 0.7007647156715393,
          "mi_proxy": 0.48734458303115247,
          "mlp_r2": 0.46005725860595703
        },
        "network_snr": {
          "r2": 0.876052737236023,
          "pearson": 0.9359780550003052,
          "mae": 0.15687806904315948,
          "mi_proxy": 1.1802170470576234,
          "mlp_r2": 0.7703432440757751
        }
      }
    },
    "S4_energy_branch": {
      "dim": 64,
      "probes": {
        "luminosity_distance": {
          "r2": 0.013022363185882568,
          "pearson": 0.11440930515527725,
          "mae": 0.7127823233604431,
          "mi_proxy": 0.07989202765383752,
          "mlp_r2": -7.686734199523926
        },
        "chirp_mass": {
          "r2": 0.04187804460525513,
          "pearson": 0.2052784264087677,
          "mae": 0.9642988443374634,
          "mi_proxy": 0.08998736383096162,
          "mlp_r2": -0.24781692028045654
        },
        "total_mass": {
          "r2": 0.025164425373077393,
          "pearson": 0.15935447812080383,
          "mae": 1.0107918977737427,
          "mi_proxy": 0.06597861107746184,
          "mlp_r2": -0.7737503051757812
        },
        "network_snr": {
          "r2": 0.36765778064727783,
          "pearson": 0.6076143980026245,
          "mae": 0.38780155777931213,
          "mi_proxy": 0.36823265597171595,
          "mlp_r2": -1.7456917762756348
        }
      }
    },
    "S5_final_context": {
      "dim": 256,
      "probes": {
        "luminosity_distance": {
          "r2": 0.37633204460144043,
          "pearson": 0.6134954690933228,
          "mae": 0.5250781178474426,
          "mi_proxy": 0.31418591076336533,
          "mlp_r2": -0.032421231269836426
        },
        "chirp_mass": {
          "r2": 0.5745967030525208,
          "pearson": 0.7580275535583496,
          "mae": 0.5705671906471252,
          "mi_proxy": 0.7312380537552787,
          "mlp_r2": 0.5710200667381287
        },
        "total_mass": {
          "r2": 0.45386677980422974,
          "pearson": 0.6737252473831177,
          "mae": 0.6879873871803284,
          "mi_proxy": 0.5887593115784728,
          "mlp_r2": 0.4459148645401001
        },
        "network_snr": {
          "r2": 0.8700987100601196,
          "pearson": 0.9327995181083679,
          "mae": 0.1601962149143219,
          "mi_proxy": 1.169677273590457,
          "mlp_r2": 0.7617300152778625
        }
      }
    }
  },
  "main_path_deltas": {
    "luminosity_distance": [
      {
        "from": "S0_raw_log_energy",
        "to": "S1_cnn_stem",
        "delta_r2": 0.26847589015960693
      },
      {
        "from": "S1_cnn_stem",
        "to": "S2_transformer_fusion",
        "delta_r2": 0.11566686630249023
      },
      {
        "from": "S2_transformer_fusion",
        "to": "S3_pooled_attn",
        "delta_r2": 0.0004017353057861328
      },
      {
        "from": "S3_pooled_attn",
        "to": "S5_final_context",
        "delta_r2": -0.008762121200561523
      }
    ],
    "chirp_mass": [
      {
        "from": "S0_raw_log_energy",
        "to": "S1_cnn_stem",
        "delta_r2": 0.3617892265319824
      },
      {
        "from": "S1_cnn_stem",
        "to": "S2_transformer_fusion",
        "delta_r2": 0.19114476442337036
      },
      {
        "from": "S2_transformer_fusion",
        "to": "S3_pooled_attn",
        "delta_r2": -0.00013965368270874023
      },
      {
        "from": "S3_pooled_attn",
        "to": "S5_final_context",
        "delta_r2": -0.0014919042587280273
      }
    ]
  }
}