{
  "mass_1": {
    "med": 0.4934511184692383,
    "p95": 0.9332809448242188,
    "max": 0.9998990893363953,
    "pct_clip": 0.0,
    "pct_gt3": 0.0,
    "pct_gt5": 0.0
  },
  "mass_2": {
    "med": 0.29741209745407104,
    "p95": 0.9566775560379028,
    "max": 0.9999878406524658,
    "pct_clip": 0.0,
    "pct_gt3": 0.0,
    "pct_gt5": 0.0
  },
  "luminosity_distance": {
    "med": 0.4879702925682068,
    "p95": 0.9315564632415771,
    "max": 1.6889524459838867,
    "pct_clip": 2.2767220508738766,
    "pct_gt3": 0.0,
    "pct_gt5": 0.0
  },
  "ra": {
    "med": 0.5137145519256592,
    "p95": 0.9676961302757263,
    "max": 1.0,
    "pct_clip": 0.0,
    "pct_gt3": 0.0,
    "pct_gt5": 0.0
  },
  "dec": {
    "med": 0.3293621838092804,
    "p95": 0.7990022301673889,
    "max": 0.9970643520355225,
    "pct_clip": 0.0,
    "pct_gt3": 0.0,
    "pct_gt5": 0.0
  },
  "theta_jn": {
    "med": 0.3748575448989868,
    "p95": 0.8509508371353149,
    "max": 1.0,
    "pct_clip": 0.0,
    "pct_gt3": 0.0,
    "pct_gt5": 0.0
  },
  "psi": {
    "med": 0.5093297362327576,
    "p95": 0.9684903621673584,
    "max": 1.0,
    "pct_clip": 0.0,
    "pct_gt3": 0.0,
    "pct_gt5": 0.0
  },
  "phase": {
    "med": 0.5066878795623779,
    "p95": 0.9680554270744324,
    "max": 1.0,
    "pct_clip": 0.0,
    "pct_gt3": 0.0,
    "pct_gt5": 0.0
  },
  "geocent_time": {
    "med": 0.45816129446029663,
    "p95": 0.8908035755157471,
    "max": 0.9374855756759644,
    "pct_clip": 0.0,
    "pct_gt3": 0.0,
    "pct_gt5": 0.0
  },
  "a1": {
    "med": 0.605443000793457,
    "p95": 0.9839832186698914,
    "max": 1.0,
    "pct_clip": 0.0,
    "pct_gt3": 0.0,
    "pct_gt5": 0.0
  },
  "a2": {
    "med": 0.7472443580627441,
    "p95": 0.991176962852478,
    "max": 1.0,
    "pct_clip": 0.0,
    "pct_gt3": 0.0,
    "pct_gt5": 0.0
  },
  "_pooled": {
    "max_abs_z_raw": 1.6889524459838867,
    "frac_gt3": 0.0,
    "frac_gt5": 0.0,
    "max_abs_z_clamped": 1.0
  }
}