{
  "v6": {
    "GW150914": {
      "m1": 46.67529296875,
      "m2": 29.914657592773438,
      "Mc": 32.37041710157008,
      "q": 0.6409099052212028,
      "dL": 1078.6075439453125,
      "rail": 0.445,
      "ood_pct": 63.2,
      "ood_maha": 6.35,
      "conf": "LOW"
    },
    "GW151226": {
      "m1": 13.329045295715332,
      "m2": 2.163078784942627,
      "Mc": 4.344108218441079,
      "q": 0.16228309957337725,
      "dL": 613.5101928710938,
      "rail": 0.0413,
      "ood_pct": 40.6,
      "ood_maha": 4.33,
      "conf": "HIGH"
    },
    "GW170104": {
      "m1": 51.281219482421875,
      "m2": 23.50360107421875,
      "Mc": 29.777824069591848,
      "q": 0.4583276550643514,
      "dL": 1442.8119506835938,
      "rail": 0.1737,
      "ood_pct": 65.5,
      "ood_maha": 6.58,
      "conf": "MEDIUM"
    },
    "GW170608": {
      "m1": 29.77607250213623,
      "m2": 8.615305423736572,
      "Mc": 13.44733161987497,
      "q": 0.28933652761352197,
      "dL": 1122.4990234375,
      "rail": 0.054,
      "ood_pct": 60.5,
      "ood_maha": 6.08,
      "conf": "MEDIUM"
    },
    "GW170729": {
      "m1": 55.92698287963867,
      "m2": 18.144235610961914,
      "Mc": 26.90829267658541,
      "q": 0.3244272205781314,
      "dL": 1500.6734619140625,
      "rail": 0.0537,
      "ood_pct": 75.0,
      "ood_maha": 7.25,
      "conf": "MEDIUM"
    },
    "GW170814": {
      "m1": 42.03657531738281,
      "m2": 29.845680236816406,
      "Mc": 30.745456528446837,
      "q": 0.7099931431491929,
      "dL": 1290.3136596679688,
      "rail": 0.4113,
      "ood_pct": 60.2,
      "ood_maha": 6.05,
      "conf": "LOW"
    }
  },
  "v7_aux": {
    "GW150914": {
      "m1": 50.594316482543945,
      "m2": 30.047131538391113,
      "Mc": 33.715622864811316,
      "q": 0.5938835352930991,
      "dL": 1144.2457885742188,
      "rail": 0.433,
      "ood_pct": 77.0,
      "ood_maha": 7.82,
      "conf": "LOW"
    },
    "GW151226": {
      "m1": 16.671411514282227,
      "m2": 2.4769150018692017,
      "Mc": 5.165399548585112,
      "q": 0.14857260285052973,
      "dL": 736.4476623535156,
      "rail": 0.0477,
      "ood_pct": 67.5,
      "ood_maha": 7.04,
      "conf": "HIGH"
    },
    "GW170104": {
      "m1": 53.6163330078125,
      "m2": 21.322952270507812,
      "Mc": 28.836646677012183,
      "q": 0.39769508793898345,
      "dL": 1477.4224853515625,
      "rail": 0.1197,
      "ood_pct": 86.7,
      "ood_maha": 8.9,
      "conf": "MEDIUM"
    },
    "GW170608": {
      "m1": 30.03485679626465,
      "m2": 7.819416284561157,
      "Mc": 12.78959987915849,
      "q": 0.26034471672705417,
      "dL": 1137.5299072265625,
      "rail": 0.041,
      "ood_pct": 86.4,
      "ood_maha": 8.83,
      "conf": "HIGH"
    },
    "GW170729": {
      "m1": 73.71772003173828,
      "m2": 27.64410972595215,
      "Mc": 38.39987524078185,
      "q": 0.3749995213369365,
      "dL": 1616.0476684570312,
      "rail": 0.0527,
      "ood_pct": 96.2,
      "ood_maha": 11.05,
      "conf": "MEDIUM"
    },
    "GW170814": {
      "m1": 42.74147605895996,
      "m2": 29.83321475982666,
      "Mc": 30.986512784215368,
      "q": 0.697992149795507,
      "dL": 1315.4171752929688,
      "rail": 0.422,
      "ood_pct": 72.0,
      "ood_maha": 7.4,
      "conf": "LOW"
    }
  },
  "v8_psd": {
    "GW150914": {
      "m1": 31.116280555725098,
      "m2": 30.058588981628418,
      "Mc": 26.623132326342574,
      "q": 0.9660084188981876,
      "dL": 1120.140380859375,
      "rail": 0.5513,
      "ood_pct": 97.6,
      "ood_maha": 9.7,
      "conf": "LOW"
    },
    "GW151226": {
      "m1": 20.63154888153076,
      "m2": 5.719705820083618,
      "Mc": 9.098777722527146,
      "q": 0.2772310432399898,
      "dL": 801.8149719238281,
      "rail": 0.0853,
      "ood_pct": 93.5,
      "ood_maha": 7.73,
      "conf": "MEDIUM"
    },
    "GW170104": {
      "m1": 47.1046257019043,
      "m2": 29.50820541381836,
      "Mc": 32.28074215413839,
      "q": 0.6264396537307679,
      "dL": 1394.5321655273438,
      "rail": 0.2613,
      "ood_pct": 91.8,
      "ood_maha": 7.41,
      "conf": "LOW"
    },
    "GW170608": {
      "m1": 29.5355806350708,
      "m2": 10.25012731552124,
      "Mc": 14.746856207231263,
      "q": 0.34704336583619255,
      "dL": 1030.9871826171875,
      "rail": 0.0877,
      "ood_pct": 89.1,
      "ood_maha": 7.05,
      "conf": "MEDIUM"
    },
    "GW170729": {
      "m1": 61.83994674682617,
      "m2": 30.55196762084961,
      "Mc": 37.38162547955683,
      "q": 0.49404906097235013,
      "dL": 1527.5139770507812,
      "rail": 0.1537,
      "ood_pct": 97.6,
      "ood_maha": 9.69,
      "conf": "MEDIUM"
    },
    "GW170814": {
      "m1": 30.852173805236816,
      "m2": 29.86491298675537,
      "Mc": 26.424454380195638,
      "q": 0.9680002833928717,
      "dL": 1228.5230102539062,
      "rail": 0.5957,
      "ood_pct": 95.1,
      "ood_maha": 8.2,
      "conf": "LOW"
    }
  },
  "v8_psd_ft": {
    "GW150914": {
      "m1": 30.082189559936523,
      "m2": 29.955985069274902,
      "Mc": 26.133064086596015,
      "q": 0.9958046773686414,
      "dL": 736.8744201660156,
      "rail": 0.6123,
      "ood_pct": 95.7,
      "ood_maha": 12.12,
      "conf": "LOW"
    },
    "GW151226": {
      "m1": 23.659765243530273,
      "m2": 5.889103412628174,
      "Mc": 9.824887711587783,
      "q": 0.24890793936505942,
      "dL": 651.1871337890625,
      "rail": 0.0373,
      "ood_pct": 89.3,
      "ood_maha": 10.15,
      "conf": "HIGH"
    },
    "GW170104": {
      "m1": 50.2563533782959,
      "m2": 29.976553916931152,
      "Mc": 33.567044237475805,
      "q": 0.596472921369521,
      "dL": 1298.8348999023438,
      "rail": 0.3043,
      "ood_pct": 85.5,
      "ood_maha": 9.51,
      "conf": "LOW"
    },
    "GW170608": {
      "m1": 25.46279239654541,
      "m2": 7.956469535827637,
      "Mc": 11.999868564532235,
      "q": 0.3124743512776355,
      "dL": 722.4748840332031,
      "rail": 0.0307,
      "ood_pct": 86.1,
      "ood_maha": 9.63,
      "conf": "HIGH"
    },
    "GW170729": {
      "m1": 77.84463119506836,
      "m2": 45.270456314086914,
      "Mc": 51.305493205064835,
      "q": 0.5815488572441834,
      "dL": 1554.4313354492188,
      "rail": 0.046,
      "ood_pct": 95.5,
      "ood_maha": 12.02,
      "conf": "HIGH"
    },
    "GW170814": {
      "m1": 30.03804588317871,
      "m2": 29.988595962524414,
      "Mc": 26.128102796735202,
      "q": 0.9983537570703962,
      "dL": 1083.6865844726562,
      "rail": 0.86,
      "ood_pct": 82.3,
      "ood_maha": 9.0,
      "conf": "LOW"
    }
  },
  "coherentC(ep40)": {
    "GW150914": {
      "m1": 30.437946319580078,
      "m2": 10.908339977264404,
      "Mc": 15.467392473775325,
      "q": 0.3583796312252283,
      "dL": 407.15199279785156,
      "rail": 0.137,
      "ood_pct": 99.4,
      "ood_maha": 11.35,
      "conf": "MEDIUM"
    },
    "GW151226": {
      "m1": 20.470394134521484,
      "m2": 6.787325620651245,
      "Mc": 9.967747528269518,
      "q": 0.3315679012357182,
      "dL": 528.0879516601562,
      "rail": 0.0483,
      "ood_pct": 99.2,
      "ood_maha": 11.09,
      "conf": "MEDIUM"
    },
    "GW170104": {
      "m1": 15.884623050689697,
      "m2": 6.188398122787476,
      "Mc": 8.448132942118178,
      "q": 0.38958419743670153,
      "dL": 705.7118835449219,
      "rail": 0.0453,
      "ood_pct": 97.5,
      "ood_maha": 9.13,
      "conf": "HIGH"
    },
    "GW170608": {
      "m1": 21.678762435913086,
      "m2": 7.218667030334473,
      "Mc": 10.580910849701821,
      "q": 0.33298335417782027,
      "dL": 525.5414123535156,
      "rail": 0.051,
      "ood_pct": 98.5,
      "ood_maha": 10.01,
      "conf": "MEDIUM"
    },
    "GW170729": {
      "m1": 17.09087371826172,
      "m2": 6.516278982162476,
      "Mc": 8.98358412505893,
      "q": 0.38127243168380476,
      "dL": 738.7325439453125,
      "rail": 0.0403,
      "ood_pct": 96.5,
      "ood_maha": 8.42,
      "conf": "HIGH"
    },