{
  "convention": "network SNR = L2 norm of 3-detector whitened signal (remix_data.py)",
  "per_signal": {
    "n": 60306,
    "min": 0.2899288711560418,
    "max": 933.9349319189113,
    "mean": 25.216199431222762,
    "median": 14.65917151754531,
    "percentiles": {
      "1": 2.4700542337129643,
      "5": 4.794066993626777,
      "10": 6.317998522002098,
      "25": 8.766427282477741,
      "50": 14.65917151754531,
      "75": 28.51590252515624,
      "90": 52.073686968386085,
      "95": 80.08692356162418,
      "99": 169.89621830973252,
      "99.9": 345.6567413742218
    },
    "n_above": {
      "10": 41350,
      "15": 29533,
      "18": 24777,
      "20": 22323,
      "22": 20178,
      "25": 17513,
      "30": 14200,
      "40": 8887,
      "50": 6406
    },
    "frac_above": {
      "10": 0.6856697509368885,
      "15": 0.48971909926043844,
      "18": 0.41085464132922095,
      "20": 0.3701621729181176,
      "22": 0.33459357277882795,
      "25": 0.29040228169668025,
      "30": 0.235465791131894,
      "40": 0.14736510463303817,
      "50": 0.10622491957682487
    }
  },
  "per_signal_remix_widened": {
    "n": 60306,
    "min": 0.3382444237814167,
    "max": 1052.4614917054068,
    "mean": 26.243773658871365,
    "median": 15.183184378372484,
    "percentiles": {
      "1": 2.4655300167947067,
      "5": 4.7690236466724585,
      "10": 6.153411976511581,
      "25": 8.95503353930471,
      "50": 15.183184378372484,
      "75": 29.443783290914997,
      "90": 54.30226400027776,
      "95": 82.84035432432097,
      "99": 178.59640761026245,
      "99.9": 380.8610863054512
    },
    "n_above": {
      "10": 42097,
      "15": 30450,
      "18": 25608,
      "20": 23137,
      "22": 20979,
      "25": 18316,
      "30": 14715,
      "40": 9784,
      "50": 6839
    },
    "frac_above": {
      "10": 0.6980565781182635,
      "15": 0.5049248830962093,
      "18": 0.4246343647398269,
      "20": 0.38366000066328393,
      "22": 0.3478758332504228,
      "25": 0.3037177063642092,
      "30": 0.24400557158491692,
      "40": 0.1622392465094684,
      "50": 0.11340496799655092
    }
  },
  "loudest_per_event": {
    "n": 37503,
    "min": 5.743835038783888,
    "max": 933.9349319189113,
    "mean": 32.486321602262734,
    "median": 19.484052854138778,
    "percentiles": {
      "1": 6.0950829246842435,
      "5": 6.881182262255073,
      "10": 7.8714110623584395,
      "25": 11.198335033268688,
      "50": 19.484052854138778,
      "75": 36.39483101691452,
      "90": 68.46160488425058,
      "95": 102.64710883502087,
      "99": 203.67775674950806,
      "99.9": 379.0931843621955
    },
    "n_above": {
      "10": 29974,
      "15": 23049,
      "18": 20005,
      "20": 18371,
      "22": 16875,
      "25": 14925,
      "30": 12449,
      "40": 8308,
      "50": 6096
    },
    "frac_above": {
      "10": 0.7992427272484868,
      "15": 0.6145908327333813,
      "18": 0.5334239927472468,
      "20": 0.4898541450017332,
      "22": 0.4499640028797696,
      "25": 0.39796816254699624,
      "30": 0.33194677759112606,
      "40": 0.22152894435111858,
      "50": 0.16254699624030078
    }
  },
  "events": {
    "GW150914": {
      "snr": 24.4,
      "percentile_all_signals": 70.2,
      "percentile_loudest_per_event": 59.3,
      "n_signals_within_2snr": 3287,
      "n_loudest_within_2snr": 2384,
      "n_signals_louder": 17999
    },
    "GW151226": {
      "snr": 13.1,
      "percentile_all_signals": 44.6,
      "percentile_loudest_per_event": 32.2,
      "n_signals_within_2snr": 8892,
      "n_loudest_within_2snr": 5331,
      "n_signals_louder": 33383
    },
    "GW170104": {
      "snr": 13.0,
      "percentile_all_signals": 44.2,
      "percentile_loudest_per_event": 31.8,
      "n_signals_within_2snr": 8979,
      "n_loudest_within_2snr": 5395,
      "n_signals_louder": 33634
    },
    "GW170608": {
      "snr": 15.4,
      "percentile_all_signals": 52.2,
      "percentile_loudest_per_event": 39.6,
      "n_signals_within_2snr": 7084,
      "n_loudest_within_2snr": 4460,
      "n_signals_louder": 28850
    },
    "GW170729": {
      "snr": 10.8,
      "percentile_all_signals": 35.2,
      "percentile_loudest_per_event": 23.3,
      "n_signals_within_2snr": 11052,
      "n_loudest_within_2snr": 6191,
      "n_signals_louder": 39074
    },
    "GW170814": {
      "snr": 15.9,
      "percentile_all_signals": 53.5,
      "percentile_loudest_per_event": 41.0,
      "n_signals_within_2snr": 6729,
      "n_loudest_within_2snr": 4268,
      "n_signals_louder": 28026
    }
  }
}