{
  "GW150914": {
    "ep18": {
      "rail": {
        "mass_1": 0.010666666666666666,
        "mass_2": 0.007333333333333333,
        "luminosity_distance": 0.006666666666666667,
        "ra": null,
        "dec": 0.004,
        "theta_jn": 0.14866666666666667,
        "psi": null,
        "phase": null,
        "geocent_time": 0.0033333333333333335,
        "a1": 0.35133333333333333,
        "a2": 0.18233333333333332
      },
      "iqr_scaled": {
        "mass_1": 0.3825424015522003,
        "mass_2": 0.10039439797401428,
        "luminosity_distance": 0.23044994473457336,
        "ra": 1.5438596904277802,
        "dec": 0.2553127855062485,
        "theta_jn": 0.8087386041879654,
        "psi": 1.5897640585899353,
        "phase": 1.680086761713028,
        "geocent_time": 0.038199201226234436,
        "a1": 0.7741792947053909,
        "a2": 0.9468611627817154
      }
    },
    "ep19": {
      "rail": {
        "mass_1": 0.106,
        "mass_2": 0.023,
        "luminosity_distance": 0.243,
        "ra": null,
        "dec": 0.0033333333333333335,
        "theta_jn": 0.592,
        "psi": null,
        "phase": null,
        "geocent_time": 0.002,
        "a1": 0.706,
        "a2": 0.8216666666666667
      },
      "iqr_scaled": {
        "mass_1": 0.466940313577652,
        "mass_2": 0.5241518318653107,
        "luminosity_distance": 1.3884409666061401,
        "ra": 0.37134575843811035,
        "dec": 0.08595697581768036,
        "theta_jn": 0.2278561145067215,
        "psi": 0.2567082345485687,
        "phase": 0.044456273317337036,
        "geocent_time": 0.031520336866378784,
        "a1": 0.19762735068798065,
        "a2": 0.0
      }
    }
  },
  "GW151226": {
    "ep18": {
      "rail": {
        "mass_1": 0.006333333333333333,
        "mass_2": 0.007333333333333333,
        "luminosity_distance": 0.006333333333333333,
        "ra": null,
        "dec": 0.0036666666666666666,
        "theta_jn": 0.01,
        "psi": null,
        "phase": null,
        "geocent_time": 0.0033333333333333335,
        "a1": 0.011,
        "a2": 0.018333333333333333
      },
      "iqr_scaled": {
        "mass_1": 0.3989638090133667,
        "mass_2": 0.2350151240825653,
        "luminosity_distance": 0.47597552835941315,
        "ra": 1.048449531197548,
        "dec": 0.6297061443328857,
        "theta_jn": 0.7252814918756485,
        "psi": 1.1182017624378204,
        "phase": 0.9497662782669067,
        "geocent_time": 0.06262663006782532,
        "a1": 1.0580468326807022,
        "a2": 1.159637063741684
      }
    },
    "ep19": {
      "rail": {
        "mass_1": 0.11833333333333333,
        "mass_2": 0.20666666666666667,
        "luminosity_distance": 0.28633333333333333,
        "ra": null,
        "dec": 0.029666666666666668,
        "theta_jn": 0.14133333333333334,
        "psi": null,
        "phase": null,
        "geocent_time": 0.012666666666666666,
        "a1": 0.225,
        "a2": 0.4066666666666667
      },
      "iqr_scaled": {
        "mass_1": 0.45223721861839294,
        "mass_2": 0.4107197970151901,
        "luminosity_distance": 0.6947332620620728,
        "ra": 1.192212238907814,
        "dec": 0.6528581082820892,
        "theta_jn": 0.9715633690357208,
        "psi": 1.0773771554231644,
        "phase": 1.1302927881479263,
        "geocent_time": 0.12675727903842926,
        "a1": 1.179557204246521,
        "a2": 1.249543309211731
      }
    }
  },
  "GW170104": {
    "ep18": {
      "rail": {
        "mass_1": 0.011333333333333334,
        "mass_2": 0.008,
        "luminosity_distance": 0.006,
        "ra": null,
        "dec": 0.0036666666666666666,
        "theta_jn": 0.007333333333333333,
        "psi": null,
        "phase": null,
        "geocent_time": 0.0033333333333333335,
        "a1": 0.011,
        "a2": 0.017666666666666667
      },
      "iqr_scaled": {
        "mass_1": 0.1947076916694641,
        "mass_2": 0.2729291617870331,
        "luminosity_distance": 0.3011966049671173,
        "ra": 0.6950581818819046,
        "dec": 0.6334531158208847,
        "theta_jn": 0.5233222991228104,
        "psi": 1.1192275434732437,
        "phase": 1.0021412670612335,
        "geocent_time": 0.031237423419952393,
        "a1": 0.7878800183534622,
        "a2": 1.048419564962387
      }
    },
    "ep19": {
      "rail": {
        "mass_1": 0.243,
        "mass_2": 0.03833333333333333,
        "luminosity_distance": 0.884,
        "ra": null,
        "dec": 0.03666666666666667,
        "theta_jn": 0.112,
        "psi": null,
        "phase": null,
        "geocent_time": 0.0033333333333333335,
        "a1": 0.38,
        "a2": 0.6053333333333333
      },
      "iqr_scaled": {
        "mass_1": 0.16507577896118164,
        "mass_2": 0.2619454264640808,
        "luminosity_distance": 0.0,
        "ra": 0.8370120972394943,
        "dec": 0.44229336082935333,
        "theta_jn": 0.6600407510995865,
        "psi": 1.0764681249856949,
        "phase": 1.1157478392124176,
        "geocent_time": 0.03667402267456055,
        "a1": 0.814269170165062,
        "a2": 0.31585967540740967
      }
    }
  },
  "GW170608": {
    "ep18": {
      "rail": {
        "mass_1": 0.007,
        "mass_2": 0.007,
        "luminosity_distance": 0.005666666666666667,
        "ra": null,
        "dec": 0.0036666666666666666,
        "theta_jn": 0.007,
        "psi": null,
        "phase": null,
        "geocent_time": 0.0033333333333333335,
        "a1": 0.009,
        "a2": 0.014666666666666666
      },
      "iqr_scaled": {
        "mass_1": 0.35706382989883423,
        "mass_2": 0.25444963574409485,
        "luminosity_distance": 0.39602670073509216,
        "ra": 0.459195539355278,
        "dec": 0.6206524223089218,
        "theta_jn": 0.7493222206830978,
        "psi": 1.104170024394989,
        "phase": 0.9589745104312897,
        "geocent_time": 0.03566017746925354,
        "a1": 1.0101387351751328,
        "a2": 1.186852678656578
      }
    },
    "ep19": {
      "rail": {
        "mass_1": 0.032,
        "mass_2": 0.03833333333333333,
        "luminosity_distance": 0.19066666666666668,
        "ra": null,
        "dec": 0.07266666666666667,
        "theta_jn": 0.18466666666666667,
        "psi": null,
        "phase": null,
        "geocent_time": 0.004333333333333333,
        "a1": 0.20533333333333334,
        "a2": 0.2856666666666667
      },
      "iqr_scaled": {
        "mass_1": 0.2478920817375183,
        "mass_2": 0.2788325995206833,
        "luminosity_distance": 0.37277382612228394,
        "ra": 0.6555325239896774,
        "dec": 0.6658415794372559,
        "theta_jn": 0.9229002147912979,
        "psi": 1.0229860842227936,
        "phase": 1.1068685352802277,
        "geocent_time": 0.05371218919754028,
        "a1": 1.1174144744873047,
        "a2": 1.2999485433101654
      }
    }
  },
  "GW170729": {
    "ep18": {
      "rail": {
        "mass_1": 0.013,
        "mass_2": 0.008,
        "luminosity_distance": 0.006666666666666667,
        "ra": null,
        "dec": 0.004,
        "theta_jn": 0.005333333333333333,
        "psi": null,
        "phase": null,
        "geocent_time": 0.0033333333333333335,
        "a1": 0.011333333333333334,
        "a2": 0.019666666666666666
      },
      "iqr_scaled": {
        "mass_1": 0.12878727912902832,
        "mass_2": 0.27928295731544495,
        "luminosity_distance": 0.28788959980010986,
        "ra": 0.9867595136165619,
        "dec": 0.6741045713424683,
        "theta_jn": 0.4275495409965515,
        "psi": 1.1281211972236633,
        "phase": 1.0064649879932404,
        "geocent_time": 0.02929563820362091,
        "a1": 0.6189300566911697,
        "a2": 1.0189339071512222
      }
    },
    "ep19": {
      "rail": {
        "mass_1": 0.32366666666666666,
        "mass_2": 0.08766666666666667,
        "luminosity_distance": 0.8663333333333333,
        "ra": null,
        "dec": 0.010666666666666666,
        "theta_jn": 0.09233333333333334,
        "psi": null,
        "phase": null,