{
  "meta": {
    "model": "model/lean_coherentC/best_model.pth",
    "epoch": 40,
    "val_nll": 1.3679874420166016,
    "device": "mps",
    "timestamp": "2026-07-12 22:45:38",
    "wall_s": 745.9284899234772
  },
  "gaussian": {
    "n_events": 1851,
    "n_post": 400,
    "nll": 0.8715193867683411,
    "shuffle_delta_nll": 7.20200777053833,
    "dist_corr": 0.5727510223828735,
    "coverage": {
      "mass_1": {
        "50": 0.49432739059967584,
        "68": 0.6785521339816315,
        "90": 0.893030794165316,
        "95": 0.9448946515397083
      },
      "mass_2": {
        "50": 0.5013506212857914,
        "68": 0.6952998379254457,
        "90": 0.9038357644516477,
        "95": 0.9508373851971907
      },
      "luminosity_distance": {
        "50": 0.5008103727714749,
        "68": 0.6753106428957321,
        "90": 0.8897893030794165,
        "95": 0.9313884386817937
      },
      "ra": {
        "50": 0.5526742301458671,
        "68": 0.7190707725553754,
        "90": 0.9081577525661805,
        "95": 0.9443544030253916
      },
      "dec": {
        "50": 0.4878444084278768,
        "68": 0.6580226904376013,
        "90": 0.8914100486223663,
        "95": 0.9475958941112912
      },
      "theta_jn": {
        "50": 0.4792004321988115,
        "68": 0.6580226904376013,
        "90": 0.893030794165316,
        "95": 0.9454349000540249
      },
      "psi": {
        "50": 0.5029713668287412,
        "68": 0.6888168557536467,
        "90": 0.8957320367368989,
        "95": 0.9470556455969746
      },
      "phase": {
        "50": 0.49864937871420856,
        "68": 0.6785521339816315,
        "90": 0.8968125337655322,
        "95": 0.9438141545110751
      },
      "geocent_time": {
        "50": 0.5245813074014046,
        "68": 0.7034035656401945,
        "90": 0.9076175040518638,
        "95": 0.9546191247974068
      },
      "a1": {
        "50": 0.5116153430578065,
        "68": 0.6947595894111291,
        "90": 0.9222042139384117,
        "95": 0.9627228525121556
      },
      "a2": {
        "50": 0.495407887628309,
        "68": 0.6639654240950837,
        "90": 0.8957320367368989,
        "95": 0.9470556455969746
      }
    },
    "sbc_ks_p": {
      "mass_1": 0.8081289538742733,
      "mass_2": 0.35652199053583666,
      "luminosity_distance": 0.03071018655837565,
      "ra": 0.0004920618623667824,
      "dec": 0.36053772763246006,
      "theta_jn": 0.24173612096346775,
      "psi": 0.8857020233921602,
      "phase": 0.5661647178033846,
      "geocent_time": 0.013641609086585911,
      "a1": 0.109647767521872,
      "a2": 0.27544581345509744
    },
    "railing_frac": 0.049856834143706105
  },
  "real": {
    "n_events": 1851,
    "n_post": 400,
    "nll": 1.5468612909317017,
    "shuffle_delta_nll": 5.691658973693848,
    "dist_corr": 0.5150439805211806,
    "coverage": {
      "mass_1": {
        "50": 0.48730415991356024,
        "68": 0.671528903295516,
        "90": 0.8941112911939492,
        "95": 0.9421934089681253
      },
      "mass_2": {
        "50": 0.48676391139924363,
        "68": 0.678011885467315,
        "90": 0.8962722852512156,
        "95": 0.9454349000540249
      },
      "luminosity_distance": {
        "50": 0.48946515397082657,
        "68": 0.6758508914100486,
        "90": 0.8860075634792004,
        "95": 0.9330091842247433
      },
      "ra": {
        "50": 0.5456509994597515,
        "68": 0.7088060507833603,
        "90": 0.8989735278227985,
        "95": 0.9459751485683414
      },
      "dec": {
        "50": 0.5002701242571583,
        "68": 0.6796326310102647,
        "90": 0.902215018908698,
        "95": 0.9481361426256077
      },
      "theta_jn": {
        "50": 0.48028092922744464,
        "68": 0.6709886547811994,
        "90": 0.8957320367368989,
        "95": 0.949216639654241
      },
      "psi": {
        "50": 0.5056726094003241,
        "68": 0.6936790923824959,
        "90": 0.8978930307941653,
        "95": 0.9524581307401405
      },
      "phase": {
        "50": 0.5067531064289573,
        "68": 0.6785521339816315,
        "90": 0.902215018908698,
        "95": 0.9448946515397083
      },
      "geocent_time": {
        "50": 0.5056726094003241,
        "68": 0.6801728795245813,
        "90": 0.9043760129659644,
        "95": 0.9529983792544571
      },
      "a1": {
        "50": 0.5180983252296056,
        "68": 0.700162074554295,
        "90": 0.9168017287952458,
        "95": 0.9627228525121556
      },
      "a2": {
        "50": 0.48892490545651,
        "68": 0.6547811993517018,
        "90": 0.8892490545651,
        "95": 0.9443544030253916
      }
    },
    "sbc_ks_p": {
      "mass_1": 0.5992709136153078,
      "mass_2": 0.6318633270536548,
      "luminosity_distance": 0.04000674483282618,
      "ra": 0.0046854863266075665,
      "dec": 0.646167154568413,
      "theta_jn": 0.6513625542635826,
      "psi": 0.8795727348814613,
      "phase": 0.41967101263138673,
      "geocent_time": 0.2825259745157154,
      "a1": 0.17378274903915536,
      "a2": 0.3377558190590757
    },
    "railing_frac": 0.05164235548352242
  },
  "gw150914": {
    "GW150914": "m1 30.4 (pub 38.8) | m2 10.9 (pub 33.4) | dL 407 (pub 440) | t_c +0.051s | rail 13.7% | conf MEDIUM | gate: REFINE (mass_1,mass_2)",
    "GW151226": "m1 20.5 (pub 13.7) | m2 6.8 (pub 7.7) | dL 528 (pub 440) | t_c -0.256s | rail 4.8% | conf MEDIUM | gate: REFINE (mass_1,mass_2)",
    "GW170104": "m1 15.9 (pub 31.0) | m2 6.2 (pub 20.1) | dL 706 (pub 960) | t_c -0.082s | rail 4.5% | conf HIGH | gate: REFINE (mass_1,mass_2)",
    "GW170608": "m1 21.7 (pub 12.0) | m2 7.2 (pub 7.0) | dL 526 (pub 320) | t_c -0.378s | rail 5.1% | conf MEDIUM | gate: REFINE (mass_1,mass_2)",
    "GW170729": "m1 17.1 (pub 50.6) | m2 6.5 (pub 34.3) | dL 739 (pub 2750) | t_c +0.405s | rail 4.0% | conf HIGH | gate: REFINE (mass_1,mass_2)",
    "GW170814": "m1 23.1 (pub 30.7) | m2 7.2 (pub 25.3) | dL 552 (pub 600) | t_c -0.193s | rail 6.7% | conf MEDIUM | gate: REFINE (mass_1,mass_2)"
  },
  "gates": [
    {
      "gate": "gaussian shuffle \u0394NLL > 5 nats",
      "pass": true,
      "detail": "7.20"
    },
    {
      "gate": "gaussian 50% coverage within \u00b10.07 (\u22642 exceptions)",
      "pass": true,
      "detail": "violations: none"
    },
    {
      "gate": "gaussian 90% coverage within \u00b10.05 (\u22642 exceptions)",
      "pass": true,
      "detail": "violations: none"
    },
    {
      "gate": "gaussian SBC KS p>1e-3 for \u22659/11 params",
      "pass": true,
      "detail": "10/11"
    },
    {
      "gate": "gaussian spurious railing < 5%",
      "pass": true,
      "detail": "4.99%"
    },
    {
      "gate": "distance correlation > 0.5",
      "pass": true,
      "detail": "0.573"
    },
    {
      "gate": "real-noise shuffle \u0394NLL > 5 nats",
      "pass": true,
      "detail": "5.69"
    },
    {
      "gate": "real-noise 90% coverage within \u00b10.07 (\u22642 exceptions)",
      "pass": true,
      "detail": "violations: none"
    },
    {
      "gate": "real vs gaussian NLL gap < 3 nats",
      "pass": true,
      "detail": "gaussian 0.87 vs real 1.55"
    },
    {
      "gate": "real-event smoke tests (6 GWTC events, |t_c|<0.1s)",
      "pass": false,
      "detail": "GW151226: t_c offset -0.256s; GW170608: t_c offset -0.378s; GW170729: t_c offset +0.405s; GW170814: t_c offset -0.193s"
    }
  ]
}