{
  "meta": {
    "model": "model/long_run/best_model.pth",
    "epoch": 17,
    "val_nll": 0.9957855105198719,
    "device": "mps",
    "timestamp": "2026-07-13 16:28:39",
    "wall_s": 1023.3764917850494
  },
  "gaussian": {
    "n_events": 2000,
    "n_post": 400,
    "nll": 0.3502938747406006,
    "shuffle_delta_nll": 10.279250144958496,
    "dist_corr": 0.7764250453715104,
    "coverage": {
      "mass_1": {
        "50": 0.542,
        "68": 0.729,
        "90": 0.9265,
        "95": 0.959
      },
      "mass_2": {
        "50": 0.4795,
        "68": 0.6525,
        "90": 0.8795,
        "95": 0.934
      },
      "luminosity_distance": {
        "50": 0.5045,
        "68": 0.6895,
        "90": 0.9025,
        "95": 0.9375
      },
      "ra": {
        "50": 0.5025,
        "68": 0.703,
        "90": 0.9195,
        "95": 0.962
      },
      "dec": {
        "50": 0.5265,
        "68": 0.6945,
        "90": 0.908,
        "95": 0.9485
      },
      "theta_jn": {
        "50": 0.511,
        "68": 0.682,
        "90": 0.9035,
        "95": 0.9505
      },
      "psi": {
        "50": 0.492,
        "68": 0.6795,
        "90": 0.897,
        "95": 0.946
      },
      "phase": {
        "50": 0.5325,
        "68": 0.706,
        "90": 0.909,
        "95": 0.956
      },
      "geocent_time": {
        "50": 0.4545,
        "68": 0.6245,
        "90": 0.8655,
        "95": 0.937
      },
      "a1": {
        "50": 0.4735,
        "68": 0.639,
        "90": 0.87,
        "95": 0.926
      },
      "a2": {
        "50": 0.523,
        "68": 0.709,
        "90": 0.9335,
        "95": 0.971
      }
    },
    "sbc_ks_p": {
      "mass_1": 8.327494988986189e-07,
      "mass_2": 0.014538080722666158,
      "luminosity_distance": 3.128357200379463e-05,
      "ra": 0.07614339604012466,
      "dec": 4.33476649970967e-06,
      "theta_jn": 0.25948598956597857,
      "psi": 0.0004900039140788306,
      "phase": 0.019173983247511323,
      "geocent_time": 7.856578616341924e-17,
      "a1": 0.07614339604012677,
      "a2": 5.442848463824761e-06
    },
    "railing_frac": 0.05806625
  },
  "real": {
    "n_events": 2000,
    "n_post": 400,
    "nll": 0.6927347183227539,
    "shuffle_delta_nll": 9.256823539733887,
    "dist_corr": 0.7548066885146075,
    "coverage": {
      "mass_1": {
        "50": 0.533,
        "68": 0.707,
        "90": 0.914,
        "95": 0.9615
      },
      "mass_2": {
        "50": 0.4685,
        "68": 0.649,
        "90": 0.8755,
        "95": 0.9295
      },
      "luminosity_distance": {
        "50": 0.4825,
        "68": 0.669,
        "90": 0.895,
        "95": 0.9365
      },
      "ra": {
        "50": 0.504,
        "68": 0.6975,
        "90": 0.91,
        "95": 0.957
      },
      "dec": {
        "50": 0.4965,
        "68": 0.694,
        "90": 0.9055,
        "95": 0.946
      },
      "theta_jn": {
        "50": 0.5165,
        "68": 0.6925,
        "90": 0.9095,
        "95": 0.9515
      },
      "psi": {
        "50": 0.493,
        "68": 0.679,
        "90": 0.898,
        "95": 0.9475
      },
      "phase": {
        "50": 0.533,
        "68": 0.7055,
        "90": 0.9105,
        "95": 0.9525
      },
      "geocent_time": {
        "50": 0.4765,
        "68": 0.6455,
        "90": 0.8755,
        "95": 0.935
      },
      "a1": {
        "50": 0.4695,
        "68": 0.647,
        "90": 0.877,
        "95": 0.93
      },
      "a2": {
        "50": 0.516,
        "68": 0.695,
        "90": 0.928,
        "95": 0.9685
      }
    },
    "sbc_ks_p": {
      "mass_1": 0.0010005427041272384,
      "mass_2": 0.01671262423085718,
      "luminosity_distance": 6.649999064101723e-08,
      "ra": 0.10633572928547408,
      "dec": 6.820474128370116e-06,
      "theta_jn": 0.28354461994594105,
      "psi": 1.064571505528692e-05,
      "phase": 0.03255991935098401,
      "geocent_time": 2.7339865905787273e-12,
      "a1": 0.07614339604012577,
      "a2": 0.00023239619830365217
    },
    "railing_frac": 0.058105
  },
  "gw150914": {
    "GW150914": "m1 50.4 (pub 38.8) | m2 29.5 (pub 33.4) | dL 632 (pub 440) | t_c +0.012s | rail 40.5% | conf LOW | gate: REFINE (mass_1,mass_2)",
    "GW151226": "m1 15.8 (pub 13.7) | m2 6.4 (pub 7.7) | dL 421 (pub 440) | t_c +0.036s | rail 4.5% | conf MEDIUM | gate: REFINE (mass_1,mass_2)",
    "GW170104": "m1 64.6 (pub 31.0) | m2 28.5 (pub 20.1) | dL 1145 (pub 960) | t_c +0.004s | rail 4.4% | conf MEDIUM | gate: REFINE (mass_1,mass_2)",
    "GW170608": "m1 22.3 (pub 12.0) | m2 7.9 (pub 7.0) | dL 407 (pub 320) | t_c -0.013s | rail 3.7% | conf MEDIUM | gate: REFINE (mass_1,mass_2)",
    "GW170729": "m1 76.6 (pub 50.6) | m2 38.2 (pub 34.3) | dL 1226 (pub 2750) | t_c +0.007s | rail 4.8% | conf LOW | gate: REFINE (mass_1,mass_2)",
    "GW170814": "m1 30.6 (pub 30.7) | m2 28.2 (pub 25.3) | dL 790 (pub 600) | t_c +0.029s | rail 55.2% | conf LOW | gate: REFINE"
  },
  "gates": [
    {
      "gate": "gaussian shuffle \u0394NLL > 5 nats",
      "pass": true,
      "detail": "10.28"
    },
    {
      "gate": "gaussian 50% coverage within \u00b10.07 (\u22642 exceptions)",
      "pass": true,
      "detail": "violations: none"
    },
    {
      "gate": "gaussian 90% coverage within \u00b10.05 (\u22642 exceptions)",
      "pass": true,
      "detail": "violations: none"
    },
    {
      "gate": "gaussian SBC KS p>1e-3 for \u22659/11 params",
      "pass": false,
      "detail": "5/11"
    },
    {
      "gate": "gaussian spurious railing < 5%",
      "pass": false,
      "detail": "5.81%"
    },
    {
      "gate": "distance correlation > 0.5",
      "pass": true,
      "detail": "0.776"
    },
    {
      "gate": "real-noise shuffle \u0394NLL > 5 nats",
      "pass": true,
      "detail": "9.26"
    },
    {
      "gate": "real-noise 90% coverage within \u00b10.07 (\u22642 exceptions)",
      "pass": true,
      "detail": "violations: none"
    },
    {
      "gate": "real vs gaussian NLL gap < 3 nats",
      "pass": true,
      "detail": "gaussian 0.35 vs real 0.69"
    },
    {
      "gate": "real-event smoke tests (6 GWTC events, |t_c|<0.1s)",
      "pass": true,
      "detail": "all 6 events ran, |t_c|<0.1s"
    }
  ]
}