{
  "nll_matched": 19.34091567993164,
  "nll_shuffled": 19.34093475341797,
  "nll_zero": 19.373037338256836,
  "r2_full": {
    "mass_1": -1.5131149890428888,
    "mass_2": -0.7570944377068509,
    "luminosity_distance": -1.0461269453848452,
    "ra": -0.6772080274827388,
    "dec": -0.5281543222051321,
    "theta_jn": -0.2668174321235959,
    "psi": -0.5824249981821052,
    "phase": -0.5636787548070692,
    "geocent_time": -0.9102489756615273,
    "a1": -0.2344720247127774,
    "a2": -0.26458060728193344
  },
  "r2_block": {
    "mass_1": -0.7242152346306081,
    "mass_2": -0.25218325092085214,
    "luminosity_distance": -0.49698937200019855,
    "ra": -0.22032086070539814,
    "dec": -0.11427252303033852,
    "theta_jn": -0.04934817057316487,
    "psi": -0.3310106618667388,
    "phase": -0.15954933167597551,
    "geocent_time": -0.30871031940813864,
    "a1": -0.07710498362971929,
    "a2": -0.12583190403231748
  },
  "r2_log_snr": -0.8590321894265642,
  "corr_post_mean_true_dist": 0.0679327010630582
}