{
  "samples_with_noise": 30000,
  "samples_without_noise": 0,
  "noise_stats": {
    "mean": 0.3219183683395386,
    "std": 0.3460158407688141,
    "min": 8.654447714029345e-10,
    "max": 7.377696514129639,
    "rms": 0.44751259684562683,
    "samples_analyzed": 30000000
  },
  "psd_validation": {
    "psd_median": 0.019365409389138222,
    "psd_mean": 0.028854787349700928,
    "freq_range_hz": [
      50,
      2000
    ]
  },
  "issues": []
}