{
  "weak": {
    "count": 1040,
    "percentage": 4.262469773351367,
    "range": [
      10.0,
      15.0
    ],
    "mean": 12.632950446530025,
    "std": 1.4599817937834112,
    "median": 12.741987584459146
  },
  "low": {
    "count": 7645,
    "percentage": 31.33325136276077,
    "range": [
      15.0,
      25.0
    ],
    "mean": 20.076393894372256,
    "std": 2.906881705538207,
    "median": 20.12497273625149
  },
  "medium": {
    "count": 10934,
    "percentage": 44.81331202098447,
    "range": [
      25.0,
      40.0
    ],
    "mean": 32.534343068984434,
    "std": 4.321183206237967,
    "median": 32.60191708115642
  },
  "high": {
    "count": 3537,
    "percentage": 14.49649575802287,
    "range": [
      40.0,
      60.0
    ],
    "mean": 49.549855503966334,
    "std": 5.812144895604249,
    "median": 48.99503496495765
  },
  "loud": {
    "count": 922,
    "percentage": 3.7788433952211156,
    "range": [
      60.0,
      80.0
    ],
    "mean": 69.08254975558017,
    "std": 6.013277346944826,
    "median": 68.52449251243239
  }
}