{
  "weak": {
    "count": 954,
    "percentage": 4.883292383292384,
    "range": [
      10.0,
      15.0
    ],
    "mean": 12.370928380202539,
    "std": 1.4683346672943796,
    "median": 12.350172671883744
  },
  "low": {
    "count": 6649,
    "percentage": 34.03460278460278,
    "range": [
      15.0,
      25.0
    ],
    "mean": 20.04663657498183,
    "std": 2.890390104632967,
    "median": 20.119524783225845
  },
  "medium": {
    "count": 8995,
    "percentage": 46.04320229320229,
    "range": [
      25.0,
      40.0
    ],
    "mean": 32.45594063116726,
    "std": 4.34892648964,
    "median": 32.40011138829304
  },
  "high": {
    "count": 2293,
    "percentage": 11.737305487305488,
    "range": [
      40.0,
      60.0
    ],
    "mean": 49.99186865766751,
    "std": 5.847830009937869,
    "median": 49.976641620612
  },
  "loud": {
    "count": 548,
    "percentage": 2.805077805077805,
    "range": [
      60.0,
      80.0
    ],
    "mean": 69.78671125401668,
    "std": 5.767529256664157,
    "median": 70.05848135660013
  }
}