{
  "weak": {
    "count": 3,
    "percentage": 0.3058103975535168,
    "range": [
      5,
      8
    ],
    "mean": 5.425386421508168,
    "std": 0.736790894902058,
    "median": 5.0
  },
  "low": {
    "count": 46,
    "percentage": 4.689092762487258,
    "range": [
      8,
      15
    ],
    "mean": 12.671054720853506,
    "std": 1.1407218389093117,
    "median": 12.739014669718935
  },
  "medium": {
    "count": 822,
    "percentage": 83.79204892966361,
    "range": [
      15,
      50
    ],
    "mean": 29.440523011775852,
    "std": 8.44462267920271,
    "median": 30.287595642460253
  },
  "high": {
    "count": 108,
    "percentage": 11.009174311926605,
    "range": [
      50,
      100
    ],
    "mean": 61.22168331161788,
    "std": 9.973489866517806,
    "median": 58.200411310014445
  },
  "loud": {
    "count": 2,
    "percentage": 0.2038735983690112,
    "range": [
      100,
      Infinity
    ],
    "mean": 109.2297006456561,
    "std": 4.903529359482372,
    "median": 109.2297006456561
  }
}