{
  "weak": {
    "count": 3,
    "percentage": 3.125,
    "range": [
      10.0,
      15.0
    ],
    "mean": 12.238399767294638,
    "std": 1.1604226774023476,
    "median": 12.82863105463479
  },
  "low": {
    "count": 25,
    "percentage": 26.041666666666668,
    "range": [
      15.0,
      25.0
    ],
    "mean": 19.8815462486004,
    "std": 2.65301962878742,
    "median": 19.750256957917436
  },
  "medium": {
    "count": 34,
    "percentage": 35.416666666666664,
    "range": [
      25.0,
      40.0
    ],
    "mean": 32.19771346060822,
    "std": 4.801207019359468,
    "median": 32.84627285608466
  },
  "high": {
    "count": 27,
    "percentage": 28.125,
    "range": [
      40.0,
      60.0
    ],
    "mean": 50.82726626434682,
    "std": 5.641965626498443,
    "median": 49.186962897395915
  },
  "loud": {
    "count": 7,
    "percentage": 7.291666666666667,
    "range": [
      60.0,
      80.0
    ],
    "mean": 67.14456372459637,
    "std": 7.604152009722069,
    "median": 61.81074110422567
  }
}