{
  "weak": {
    "count": 3294,
    "percentage": 13.504427681206954,
    "range": [
      8.0,
      12.0
    ],
    "mean": 9.891755716965404,
    "std": 1.3308108754236907,
    "median": 10.013214134931228
  },
  "low": {
    "count": 7591,
    "percentage": 31.120859298130533,
    "range": [
      12.0,
      20.0
    ],
    "mean": 15.866951205672418,
    "std": 2.2814682382099587,
    "median": 15.811013033591829
  },
  "medium": {
    "count": 9862,
    "percentage": 40.4312889471958,
    "range": [
      20.0,
      40.0
    ],
    "mean": 28.229637536790715,
    "std": 5.529842199548383,
    "median": 27.49498319762408
  },
  "high": {
    "count": 2762,
    "percentage": 11.323384716300426,
    "range": [
      40.0,
      70.0
    ],
    "mean": 50.73550459178648,
    "std": 8.291730670678106,
    "median": 48.57592755658409
  },
  "loud": {
    "count": 883,
    "percentage": 3.620039357166284,
    "range": [
      70.0,
      200.0
    ],
    "mean": 90.31160621117199,
    "std": 11.153782875846579,
    "median": 97.80991032914115
  }
}