{
  "weak": {
    "count": 0,
    "percentage": 0.0,
    "range": [
      5,
      8
    ],
    "mean": NaN,
    "std": NaN,
    "median": NaN
  },
  "low": {
    "count": 5,
    "percentage": 5.319148936170213,
    "range": [
      8,
      15
    ],
    "mean": 13.038880157605856,
    "std": 0.9062598272943442,
    "median": 12.748100584878038
  },
  "medium": {
    "count": 78,
    "percentage": 82.97872340425532,
    "range": [
      15,
      50
    ],
    "mean": 28.288829387257774,
    "std": 8.048147501615171,
    "median": 28.22179761320995
  },
  "high": {
    "count": 11,
    "percentage": 11.702127659574469,
    "range": [
      50,
      100
    ],
    "mean": 61.4460488283982,
    "std": 8.946982686658382,
    "median": 58.49175791869078
  },
  "loud": {
    "count": 0,
    "percentage": 0.0,
    "range": [
      100,
      Infinity
    ],
    "mean": NaN,
    "std": NaN,
    "median": NaN
  }
}