{
  "weak": {
    "count": 15010,
    "percentage": 32.269160485864774,
    "range": [
      8.0,
      12.0
    ],
    "mean": 9.821732107245044,
    "std": 1.1411169205665075,
    "median": 9.746665462630538
  },
  "low": {
    "count": 12550,
    "percentage": 26.980543910566485,
    "range": [
      12.0,
      20.0
    ],
    "mean": 15.253592057015624,
    "std": 2.2427644733210004,
    "median": 14.840034050389258
  },
  "medium": {
    "count": 6155,
    "percentage": 13.232290658927228,
    "range": [
      20.0,
      40.0
    ],
    "mean": 26.72240618277014,
    "std": 5.274487770995675,
    "median": 25.540999990463717
  },
  "high": {
    "count": 1050,
    "percentage": 2.2573363431151243,
    "range": [
      40.0,
      70.0
    ],
    "mean": 50.64736288388064,
    "std": 8.661920574019955,
    "median": 48.24886735177368
  },
  "loud": {
    "count": 270,
    "percentage": 0.5804579168010319,
    "range": [
      70.0,
      200.0
    ],
    "mean": 90.8098179601979,
    "std": 22.18871469193188,
    "median": 81.7407400591301
  }
}