{
  "weak": {
    "count": 4,
    "percentage": 0.40899795501022496,
    "range": [
      5,
      8
    ],
    "mean": 5.533200603047032,
    "std": 1.0664012060940635,
    "median": 5.0
  },
  "low": {
    "count": 45,
    "percentage": 4.601226993865031,
    "range": [
      8,
      15
    ],
    "mean": 12.485454392198347,
    "std": 1.460551120214361,
    "median": 12.497392320889215
  },
  "medium": {
    "count": 841,
    "percentage": 85.9918200408998,
    "range": [
      15,
      50
    ],
    "mean": 28.34455769437341,
    "std": 8.365616422907808,
    "median": 27.980624570239634
  },
  "high": {
    "count": 88,
    "percentage": 8.997955010224949,
    "range": [
      50,
      100
    ],
    "mean": 58.788364271178104,
    "std": 7.760541950831558,
    "median": 56.546865389985115
  },
  "loud": {
    "count": 0,
    "percentage": 0.0,
    "range": [
      100,
      Infinity
    ],
    "mean": NaN,
    "std": NaN,
    "median": NaN
  }
}