{
  "weak": {
    "count": 1419,
    "percentage": 4.8466425302274745,
    "range": [
      10.0,
      15.0
    ],
    "mean": 12.560721660875792,
    "std": 1.4470929264644614,
    "median": 12.59829072113431
  },
  "low": {
    "count": 9917,
    "percentage": 33.87184917002528,
    "range": [
      15.0,
      25.0
    ],
    "mean": 19.984435558566872,
    "std": 2.9060245654343544,
    "median": 19.95683076246042
  },
  "medium": {
    "count": 13576,
    "percentage": 46.36928751963932,
    "range": [
      25.0,
      40.0
    ],
    "mean": 32.52463155970168,
    "std": 4.324585686887412,
    "median": 32.503907886508415
  },
  "high": {
    "count": 3350,
    "percentage": 11.442038390600452,
    "range": [
      40.0,
      60.0
    ],
    "mean": 49.94642733275611,
    "std": 5.7634257323066596,
    "median": 49.74723463262777
  },
  "loud": {
    "count": 862,
    "percentage": 2.9441901769246535,
    "range": [
      60.0,
      80.0
    ],
    "mean": 70.05671725308355,
    "std": 5.804337665946321,
    "median": 70.33274716614234
  }
}