{
  "weak": {
    "count": 0,
    "percentage": 0.0,
    "range": [
      5,
      8
    ],
    "mean": NaN,
    "std": NaN,
    "median": NaN
  },
  "low": {
    "count": 3,
    "percentage": 3.125,
    "range": [
      8,
      15
    ],
    "mean": 12.238399767294638,
    "std": 1.1604226774023476,
    "median": 12.82863105463479
  },
  "medium": {
    "count": 74,
    "percentage": 77.08333333333333,
    "range": [
      15,
      50
    ],
    "mean": 30.925587893529123,
    "std": 10.28315847612753,
    "median": 29.463705585430194
  },
  "high": {
    "count": 19,
    "percentage": 19.791666666666668,
    "range": [
      50,
      100
    ],
    "mean": 60.29555499810913,
    "std": 7.366175413288047,
    "median": 59.1178691528305
  },
  "loud": {
    "count": 0,
    "percentage": 0.0,
    "range": [
      100,
      Infinity
    ],
    "mean": NaN,
    "std": NaN,
    "median": NaN
  }
}