{
  "weak": {
    "count": 226,
    "percentage": 0.46298193141311916,
    "range": [
      5,
      8
    ],
    "mean": 5.114486968121317,
    "std": 0.44084648069412685,
    "median": 5.0
  },
  "low": {
    "count": 2157,
    "percentage": 4.4188142745933545,
    "range": [
      8,
      15
    ],
    "mean": 12.508851100004652,
    "std": 1.4662249063117583,
    "median": 12.549350296411728
  },
  "medium": {
    "count": 41019,
    "percentage": 84.03122055148113,
    "range": [
      15,
      50
    ],
    "mean": 28.916058827493103,
    "std": 8.563836187896536,
    "median": 28.43521225332105
  },
  "high": {
    "count": 5277,
    "percentage": 10.810423239234646,
    "range": [
      50,
      100
    ],
    "mean": 61.982458930484945,
    "std": 10.37971726569893,
    "median": 58.378040590869674
  },
  "loud": {
    "count": 135,
    "percentage": 0.2765600032777482,
    "range": [
      100,
      Infinity
    ],
    "mean": 100.0,
    "std": 0.0,
    "median": 100.0
  }
}