{
  "checkpoint": {
    "epoch": 40,
    "best_val_loss": 3.455317772264722
  },
  "part_A_representativeness": {
    "n_events": 600,
    "snr_range": [
      6.031821265298909,
      114.91823967941052
    ],
    "bin_fractions": {
      "low": 0.425,
      "med": 0.26666666666666666,
      "high": 0.075
    },
    "full_N_quiet_loud_ratio": 0.927447766330702,
    "corr_real_snr_vs_sigma_psd": {
      "r": 0.4756971371508413,
      "p": 7.659994535386491e-10
    },
    "corr_computed_snr_vs_sigma_psd": {
      "r": 0.4924609982665896,
      "p": 1.5439803172533768e-10
    }
  },
  "part_B_controlled_sweep": {
    "6.382395437250281": {
      "corr_sigma_psd": [
        1.0,
        0.0
      ],
      "corr_post_std": [
        0.9392857142857142,
        2.094580193668552e-07
      ],
      "sigma_psd_range": [
        0.2732717990875244,
        0.38241663575172424
      ],
      "post_std_range": [
        110.94676208496094,
        163.9278564453125
      ]
    },
    "14.210329397864891": {
      "corr_sigma_psd": [
        1.0,
        0.0
      ],
      "corr_post_std": [
        0.8928571428571428,
        7.4947360645682566e-06
      ],
      "sigma_psd_range": [
        0.2860720455646515,
        0.38889002799987793
      ],
      "post_std_range": [
        112.70524597167969,
        164.2593994140625
      ]
    },
    "114.91823967941052": {
      "corr_sigma_psd": [
        1.0,
        0.0
      ],
      "corr_post_std": [
        0.9714285714285713,
        1.6870764886091349e-09
      ],
      "sigma_psd_range": [
        0.3353986144065857,
        0.46983644366264343
      ],
      "post_std_range": [
        126.9982681274414,
        189.4512481689453
      ]
    }
  },
  "part_C_pure_ablation": {
    "real": {
      "std": 145.87542724609375,
      "mean": 346.6780090332031
    },
    "zero": {
      "std": 148.12844848632812,
      "mean": 358.96490478515625
    },
    "random_low": {
      "std": 111.14698028564453,
      "mean": 355.9477233886719
    },
    "random_high": {
      "std": 159.6239776611328,
      "mean": 356.484375
    }
  }
}