{
  "param_names": [
    "mass_1",
    "mass_2",
    "luminosity_distance",
    "ra",
    "dec",
    "theta_jn",
    "psi",
    "phase",
    "geocent_time",
    "a1",
    "a2"
  ],
  "trigger_gps": 1180922494.5,
  "truth": {
    "mass_1": 11.8,
    "mass_2": 8.1,
    "luminosity_distance": 320.0
  },
  "summary": {
    "n_samples": 10000,
    "trigger_gps": 1180922494.5,
    "parameters": [
      {
        "param": "mass_1",
        "median": 25.633464813232422,
        "mean": 33.029082949197296,
        "map": 2.239769220352173,
        "std": 21.48249905244749,
        "ci50%": [
          16.533686637878418,
          45.830613136291504
        ],
        "ci68%": [
          14.365920066833496,
          56.61250244140628
        ],
        "ci90%": [
          10.818132209777831,
          78.31025466918943
        ],
        "ci95%": [
          3.1224465906620087,
          83.32206707000731
        ],
        "truth": 11.8,
        "truth_in_90": true
      },
      {
        "param": "mass_2",
        "median": 6.8341004848480225,
        "mean": 6.898474456548691,
        "map": 1.972584843635559,
        "std": 5.467675067222733,
        "ci50%": [
          2.3465096950531006,
          9.318937063217163
        ],
        "ci68%": [
          2.078199205398559,
          10.545412330627443
        ],
        "ci90%": [
          1.476265436410904,
          12.93324966430664
        ],
        "ci95%": [
          1.2520229756832124,
          14.076434350013727
        ],
        "truth": 8.1,
        "truth_in_90": true
      },
      {
        "param": "luminosity_distance",
        "median": 837.3433227539062,
        "mean": 890.9940137638092,
        "map": 189.2142333984375,
        "std": 391.1954994249362,
        "ci50%": [
          594.6664886474609,
          1160.5601806640625
        ],
        "ci68%": [
          511.39915893554684,
          1301.1962841796885
        ],
        "ci90%": [
          327.35277557373047,
          1577.6264404296876
        ],
        "ci95%": [
          231.7370170593262,
          1718.1953521728515
        ],
        "truth": 320.0,
        "truth_in_90": false
      },
      {
        "param": "ra",
        "median": 3.730644941329956,
        "mean": 3.5949949877937324,
        "map": 5.399484634399414,
        "std": 1.743865576322528,
        "ci50%": [
          2.2335344552993774,
          5.110288143157959
        ],
        "ci68%": [
          1.5415890407562252,
          5.503603382110597
        ],
        "ci90%": [
          0.445793457329273,
          6.01953399181366
        ],
        "ci95%": [
          0.19300793632864968,
          6.122176468372345
        ]
      },
      {
        "param": "dec",
        "median": 0.18502849340438843,
        "mean": 0.08205326348543167,
        "map": 0.4280703067779541,
        "std": 0.760384500279567,
        "ci50%": [
          -0.573928713798523,
          0.7234789729118347
        ],
        "ci68%": [
          -0.8300539708137515,
          0.9232098054885869
        ],
        "ci90%": [
          -1.1612210273742676,
          1.1924950599670407
        ],
        "ci95%": [
          -1.2558895617723465,
          1.2715934932231903
        ]
      },
      {
        "param": "theta_jn",
        "median": 1.7464465498924255,
        "mean": 1.641306731581372,
        "map": 0.8860712051391602,
        "std": 0.8328531956861462,
        "ci50%": [
          0.867390513420105,
          2.394216299057007
        ],
        "ci68%": [
          0.6864295816421508,
          2.5646766376495362
        ],
        "ci90%": [
          0.37788747102022163,
          2.8060832262039184
        ],
        "ci95%": [
          0.25864820703864133,
          2.907687121629715
        ]
      },
      {
        "param": "psi",
        "median": 1.7066691517829895,
        "mean": 1.6717863966733333,
        "map": 2.9524357318878174,
        "std": 0.8489389873440613,
        "ci50%": [
          0.9685460329055786,
          2.4038029313087463
        ],
        "ci68%": [
          0.7073585581779479,
          2.628814039230347
        ],
        "ci90%": [
          0.2790119126439094,
          2.956249332427978
        ],
        "ci95%": [
          0.13246619366109377,
          3.0517204284667967
        ]
      },
      {
        "param": "phase",
        "median": 2.8994312286376953,
        "mean": 2.992665118190309,
        "map": 1.2875834703445435,
        "std": 1.819833102355425,
        "ci50%": [
          1.427691012620926,
          4.497205972671509
        ],
        "ci68%": [
          0.9145454168319702,
          5.243107757568359
        ],
        "ci90%": [
          0.27596525102853775,
          6.015584778785705
        ],
        "ci95%": [
          0.1549091123044494,
          6.1509409070014955
        ]
      },
      {
        "param": "geocent_time",
        "median": -0.0032202601432800293,
        "mean": -0.007421911233663559,
        "map": 0.18423151969909668,
        "std": 0.20467303513589427,
        "ci50%": [
          -0.024730175733566284,
          0.01898902654647827
        ],
        "ci68%": [
          -0.036336102485656746,
          0.03213271141052247
        ],
        "ci90%": [
          -0.08284105062484742,
          0.09096076488494834
        ],
        "ci95%": [
          -0.24199699163436783,
          0.21639695465564682
        ]
      },
      {
        "param": "a1",
        "median": 0.5918512940406799,
        "mean": 0.5461804815232754,
        "map": 0.003177344799041748,
        "std": 0.2830051383521636,
        "ci50%": [
          0.3238958418369293,
          0.7802118360996246
        ],
        "ci68%": [
          0.19662066817283627,
          0.8495950794219971
        ],
        "ci90%": [
          0.03729822635650632,
          0.9528120726346969
        ],
        "ci95%": [
          0.015987356007099194,
          0.9736377894878387
        ]
      },
      {
        "param": "a2",
        "median": 0.33556319773197174,
        "mean": 0.37477195818424225,
        "map": 0.02669617533683777,
        "std": 0.32179319353532965,
        "ci50%": [
          0.03817056864500046,
          0.6525434255599976
        ],
        "ci68%": [
          0.022733712196350096,
          0.7608888387680054
        ],
        "ci90%": [
          0.0075502336025238,
          0.9171614706516266
        ],
        "ci95%": [
          0.004460582882165912,
          0.956710648536682
        ]
      }
    ],
    "diagnostics": {
      "runtime": {
        "preprocess_s": 0.059,
        "gwosc_fetch_s": null,
        "encode_s": 0.01,
        "sampling_s": 3.521,
        "total_s": 3.532
      },
      "memory": {
        "rss_mb": 1411.2,
        "mps_allocated_mb": 33.1
      },
      "n_effective": 10000,
      "boundary_railing_frac": 0.0295,
      "log_prob": {
        "median": -15.247470378875732,
        "max": 26.953067779541016
      },
      "ood_flags": [
        "V1: no data \u2014 filled with unit white noise (posterior uses remaining detectors only)"
      ],
      "context_ood": {
        "mahalanobis": 11.13,
        "percentile_vs_validation": 80.3
      },
      "verdict": {
        "confidence": "HIGH",
        "reasons": [
          "V1: no data \u2014 filled with unit white noise (posterior uses remaining detectors only)"
        ]
      }
    }
  },