{
  "meta": {
    "model": "model/lean_v8_psdcond_ft/best_model.pth",
    "epoch": 25,
    "val_nll": -1.1877927356399596,
    "device": "mps",
    "timestamp": "2026-07-11 07:37:49",
    "wall_s": 545.7620918750763
  },
  "gaussian": {
    "n_events": 2000,
    "n_post": 400,
    "nll": -3.5185673236846924,
    "shuffle_delta_nll": 11.728766441345215,
    "dist_corr": 0.6166502991811021,
    "coverage": {
      "mass_1": {
        "50": 0.5055,
        "68": 0.6845,
        "90": 0.8935,
        "95": 0.949
      },
      "mass_2": {
        "50": 0.511,
        "68": 0.6825,
        "90": 0.888,
        "95": 0.947
      },
      "luminosity_distance": {
        "50": 0.5305,
        "68": 0.697,
        "90": 0.9245,
        "95": 0.9675
      },
      "ra": {
        "50": 0.488,
        "68": 0.636,
        "90": 0.879,
        "95": 0.93
      },
      "dec": {
        "50": 0.498,
        "68": 0.64,
        "90": 0.86,
        "95": 0.9145
      },
      "theta_jn": {
        "50": 0.509,
        "68": 0.696,
        "90": 0.889,
        "95": 0.9395
      },
      "psi": {
        "50": 0.5095,
        "68": 0.685,
        "90": 0.892,
        "95": 0.9275
      },
      "phase": {
        "50": 0.48,
        "68": 0.6525,
        "90": 0.8715,
        "95": 0.9285
      },
      "geocent_time": {
        "50": 0.4735,
        "68": 0.674,
        "90": 0.9085,
        "95": 0.9545
      },
      "a1": {
        "50": 0.497,
        "68": 0.697,
        "90": 0.9115,
        "95": 0.955
      },
      "a2": {
        "50": 0.5025,
        "68": 0.676,
        "90": 0.8885,
        "95": 0.9435
      }
    },
    "sbc_ks_p": {
      "mass_1": 1.0645715055286658e-05,
      "mass_2": 1.064571505528692e-05,
      "luminosity_distance": 5.757260143207333e-09,
      "ra": 3.128357200379463e-05,
      "dec": 0.00023239619830365095,
      "theta_jn": 0.00040786215002673,
      "psi": 0.036982932422771286,
      "phase": 0.0002323961983036497,
      "geocent_time": 0.0002808847711889641,
      "a1": 2.5318133733418037e-05,
      "a2": 0.00518064729763768
    },
    "railing_frac": 0.03603125
  },
  "real": {
    "n_events": 2000,
    "n_post": 400,
    "nll": -3.0796971321105957,
    "shuffle_delta_nll": 10.393712997436523,
    "dist_corr": 0.5329651310349226,
    "coverage": {
      "mass_1": {
        "50": 0.4825,
        "68": 0.672,
        "90": 0.899,
        "95": 0.951
      },
      "mass_2": {
        "50": 0.5015,
        "68": 0.6585,
        "90": 0.8785,
        "95": 0.9375
      },
      "luminosity_distance": {
        "50": 0.5065,
        "68": 0.673,
        "90": 0.9185,
        "95": 0.968
      },
      "ra": {
        "50": 0.4945,
        "68": 0.6445,
        "90": 0.881,
        "95": 0.928
      },
      "dec": {
        "50": 0.4945,
        "68": 0.636,
        "90": 0.852,
        "95": 0.9125
      },
      "theta_jn": {
        "50": 0.51,
        "68": 0.697,
        "90": 0.889,
        "95": 0.9435
      },
      "psi": {
        "50": 0.51,
        "68": 0.6775,
        "90": 0.896,
        "95": 0.928
      },
      "phase": {
        "50": 0.478,
        "68": 0.652,
        "90": 0.8705,
        "95": 0.9285
      },
      "geocent_time": {
        "50": 0.4805,
        "68": 0.6785,
        "90": 0.9045,
        "95": 0.9485
      },
      "a1": {
        "50": 0.484,
        "68": 0.685,
        "90": 0.907,
        "95": 0.959
      },
      "a2": {
        "50": 0.497,
        "68": 0.669,
        "90": 0.887,
        "95": 0.9385
      }
    },
    "sbc_ks_p": {
      "mass_1": 1.872304422948473e-07,
      "mass_2": 2.5318133733418634e-05,
      "luminosity_distance": 1.0604306943365804e-06,
      "ra": 1.3260103572903214e-05,
      "dec": 0.0005875093621469354,
      "theta_jn": 0.005180647297637714,
      "psi": 0.0474271680505336,
      "phase": 0.00015813108738587918,
      "geocent_time": 4.7475612963423185e-05,
      "a1": 5.104582306620373e-07,
      "a2": 0.0044349214125546915
    },
    "railing_frac": 0.03641125
  },
  "gw150914": {
    "GW150914": "m1 30.1 (pub 38.8) | m2 30.0 (pub 33.4) | dL 737 (pub 440) | t_c +0.040s | rail 61.2% | conf LOW | gate: REFINE",
    "GW151226": "m1 23.7 (pub 13.7) | m2 5.9 (pub 7.7) | dL 651 (pub 440) | t_c +0.070s | rail 3.7% | conf HIGH | gate: REFINE",
    "GW170104": "m1 50.3 (pub 31.0) | m2 30.0 (pub 20.1) | dL 1299 (pub 960) | t_c -0.004s | rail 30.4% | conf LOW | gate: REFINE (mass_1,mass_2)",
    "GW170608": "m1 25.5 (pub 12.0) | m2 8.0 (pub 7.0) | dL 722 (pub 320) | t_c -0.041s | rail 3.1% | conf HIGH | gate: REFINE (mass_1,mass_2)",
    "GW170729": "m1 77.8 (pub 50.6) | m2 45.3 (pub 34.3) | dL 1554 (pub 2750) | t_c +0.012s | rail 4.6% | conf HIGH | gate: REFINE (mass_1,mass_2)",
    "GW170814": "m1 30.0 (pub 30.7) | m2 30.0 (pub 25.3) | dL 1084 (pub 600) | t_c +0.038s | rail 86.0% | conf LOW | gate: REFINE"
  },
  "gates": [
    {
      "gate": "gaussian shuffle \u0394NLL > 5 nats",
      "pass": true,
      "detail": "11.73"
    },
    {
      "gate": "gaussian 50% coverage within \u00b10.07 (\u22642 exceptions)",
      "pass": true,
      "detail": "violations: none"
    },
    {
      "gate": "gaussian 90% coverage within \u00b10.05 (\u22642 exceptions)",
      "pass": true,
      "detail": "violations: none"
    },
    {
      "gate": "gaussian SBC KS p>1e-3 for \u22659/11 params",
      "pass": false,
      "detail": "2/11"
    },
    {
      "gate": "gaussian spurious railing < 5%",
      "pass": true,
      "detail": "3.60%"
    },
    {
      "gate": "distance correlation > 0.5",
      "pass": true,
      "detail": "0.617"
    },
    {
      "gate": "real-noise shuffle \u0394NLL > 5 nats",
      "pass": true,
      "detail": "10.39"
    },
    {
      "gate": "real-noise 90% coverage within \u00b10.07 (\u22642 exceptions)",
      "pass": true,
      "detail": "violations: none"
    },
    {
      "gate": "real vs gaussian NLL gap < 3 nats",
      "pass": true,
      "detail": "gaussian -3.52 vs real -3.08"
    },
    {
      "gate": "real-event smoke tests (6 GWTC events, |t_c|<0.1s)",
      "pass": true,
      "detail": "all 6 events ran, |t_c|<0.1s"
    }
  ]
}